country,region,event_decade,frequency,avg_magnitude,avg_depth
Indonesia,Asia,2000,18831,4.5374356114916887,55.074202113536188
Indonesia,Asia,2010,15246,4.5053719008264448,68.645167256985431
Japan,Asia,2010,14866,4.5590273106417332,53.989983855778306
Greece,Europe,2000,14261,3.4754294930229293,19.201255171446597
United States of America,Americas,2010,14136,3.4361573288058866,16.289128890775324
Alaska,Americas,2010,13734,3.6767234600262126,34.869814984709478
Chile,Americas,2000,10982,3.82980331451466,49.86304862502277
Japan,Asia,2000,10598,4.3230052840158519,88.608152481600314
United States of America,Americas,1990,10485,3.4709527896995707,19.277198950882216
United States of America,Americas,1980,10268,3.556392676275808,13.352569633813792
Alaska,Americas,2020,9851,3.6015267485534461,39.841625672520557
Indonesia,Asia,1990,9463,4.5772894430941546,70.333921589347966
United States of America,Americas,2000,8781,3.4442876665527846,19.289951941692287
Mexico,Americas,2000,8737,3.9750486436992096,36.902988211056417
Chile,Americas,2010,8700,4.4882988505747106,45.239300000000007
Indonesia,Asia,2020,8579,4.4891828884485365,74.246463690406827
Alaska,Americas,2000,7970,3.7777038895859478,36.375658720200754
Chile,Americas,1990,7968,3.9289658634538158,46.084839357429722
United States of America,Americas,1970,7398,3.5290227088402273,12.782929845904299
United States of America,Americas,2020,6711,3.4347902159485924,19.686041054505267
Fiji,Oceania,2010,6507,4.4820654679575842,479.15578300292
Japan,Asia,1990,6496,4.4492610837438411,91.670243226600988
Japan,Asia,2020,6488,4.4975339087546224,64.795532983970389
Mexico,Americas,2010,5994,4.0918168168168156,32.358133466800133
Indonesia,Asia,1980,5938,4.7391545975075795,82.864584035028642
Fiji,Oceania,2000,5719,4.4297254764819023,483.81237978667588
Greece,Europe,1990,5603,3.6773871140460472,20.524861681242189
Philippines,Asia,2010,5464,4.5694546120058561,75.836698389458263
Guinea,Africa,2010,5389,4.574670625347931,60.342406754499919
Russia,Europe,1990,5252,4.5119573495811114,57.430274181264267
New Zealand,Oceania,2000,5195,4.2130125120307982,76.270991337824825
Guinea,Africa,2000,5129,4.5475531292649647,66.862916747904052
Philippines,Asia,2000,5048,4.5333399366085585,79.670701267828818
Japan,Asia,1980,4915,4.7018718209562556,83.7808952187182
Tonga,Oceania,2010,4883,4.6291624001638345,124.47336678271553
Puerto Rico,Americas,2020,4755,3.3518212407991581,23.992190746582548
Fiji,Oceania,2020,4671,4.3930635838150272,495.0456585313637
Greece,Europe,1980,4596,3.8132941688424711,20.83585726718886
Philippines,Asia,1990,4572,4.619794400699913,64.34394138232723
Philippines,Asia,2020,4459,4.5487777528593867,65.786975330791677
Russia,Europe,2000,4428,4.3906887985546525,75.208333333333329
Tonga,Oceania,2000,4196,4.643136320305052,113.90793612964728
New Zealand,Oceania,2010,4178,4.45828147438966,48.098646481570128
Alaska,Americas,1990,4094,4.1587200781631664,41.489350268685882
Russia,Europe,2020,4076,4.4835132482826285,48.856025515211
China,Asia,2000,3916,4.2677732379979574,22.857609805924412
Vanuatu,Oceania,2010,3877,4.6330410110910512,95.74035078669074
Russia,Europe,2010,3833,4.5218366814505613,63.887878945995311
Argentina,Americas,2000,3705,3.8665587044534413,135.07336032388665
Solomon Islands,Oceania,2010,3522,4.6672345258375918,37.6059880749574
Tonga,Oceania,2020,3399,4.5879376287143288,139.82614357163871
Turkey,Asia,1990,3379,3.5594850547499255,12.471885173128147
Fiji,Oceania,1990,3376,4.5530805687203788,483.43723341232231
Guinea,Africa,1990,3331,4.5132692885019505,72.824106874812358
Chile,Americas,2020,3319,4.392136185598071,65.035448327809576
Turkey,Asia,2000,3132,3.6305236270753514,16.38789910600255
Mexico,Americas,1990,3053,4.1262463150999018,39.024155257124136
United States of America,Americas,1960,2905,3.6252082616179,8.354828227194492
Alaska,Americas,1980,2857,4.5552712635631805,39.637766888344409
Vanuatu,Oceania,2000,2820,4.6473404255319162,101.32599290780141
India,Asia,2000,2777,4.4782859200576155,29.233129276197339
Japan,Asia,1970,2761,4.7018580224556334,95.003259688518654
Puerto Rico,Americas,2010,2737,3.2636682499086591,48.276934599926925
Puerto Rico,Americas,2000,2509,3.3445595854922274,45.236747708250284
Indonesia,Asia,1970,2505,5.1006786427145725,72.494291417165684
Guinea,Africa,2020,2442,4.5669942669942669,61.278962735462741
Philippines,Asia,1980,2366,4.8286982248520713,81.632163989856281
Vanuatu,Oceania,2020,2345,4.5965884861407256,101.4058315565032
Papua New Guinea,Oceania,2000,2299,4.49447585906916,70.105263157894711
Papua New Guinea,Oceania,2010,2292,4.5974258289703318,66.58680191972077
Guinea,Africa,1980,2249,4.6797243219208546,68.787772343263669
Vanuatu,Oceania,1990,2213,4.6967013104383186,102.23366470854045
Tonga,Oceania,1990,2193,4.7353853169174638,127.44163246694025
Solomon Islands,Oceania,2000,2178,4.619191919191918,50.308631772268136
China,Asia,2010,2172,4.4995856353591162,22.902923572744015
Peru,Americas,2000,2168,4.491835793357934,64.969695571955725
Argentina,Americas,1990,2163,4.0023578363384189,134.58247803975962
Mexico,Americas,1980,2045,4.0358826405867969,28.77325232273839
Papua New Guinea,Oceania,1990,2041,4.4014208721215082,67.37883390494855
United States of America,Americas,1950,2034,3.7203294001966567,5.6523795476892822
Fiji,Oceania,1980,1992,4.8659638554216871,469.41214859437741
Peru,Americas,2010,1988,4.507897384305835,78.342570422535232
Russia,Europe,1970,1966,4.9080671414038664,58.310376398779233
China,Asia,1990,1952,4.3473360655737707,31.199385245901638
Afghanistan,Asia,2000,1929,4.16822187662001,128.48050803525138
Greece,Europe,2010,1889,4.3976707252514569,21.110603493912127
Argentina,Americas,2010,1826,4.4271522453450158,163.84945235487407
Dominican Republic,Americas,2010,1822,3.4018441273326014,79.563611416026347
China,Asia,2020,1821,4.4713893465129049,13.800745194947831
New Zealand,Oceania,2020,1818,4.5594059405940595,44.160968646864674
Russia,Europe,1980,1811,4.8774157923798995,66.30657095527333
Iran,Asia,2010,1802,4.4164261931187569,13.369384017758044
Iran,Asia,2000,1730,4.21635838150289,23.207514450867048
Chile,Americas,1980,1673,4.7973699940227137,63.117095038852362
Greece,Europe,2020,1649,4.3621588841722243,18.125877501516072
United States of America,Americas,1940,1629,3.5868815224063844,5.8721976672805409
Tonga,Oceania,1980,1614,5.0182156133829,118.56778190830236
Argentina,Americas,2020,1599,4.4267041901188247,165.44201313320823
Mexico,Americas,2020,1560,4.3000448717948716,32.316232115384615
New Zealand,Oceania,1990,1550,4.3998064516129016,73.740000000000009
Italy,Europe,1990,1491,3.612676056338028,23.760764587525156
Northern Mariana Islands,Oceania,2010,1456,4.43440934065934,145.62555631868133
Dominican Republic,Americas,2000,1446,3.6239280774550475,72.241977869986144
Vanuatu,Oceania,1980,1437,4.86482254697286,97.272372999304125
Afghanistan,Asia,2010,1428,4.359663865546219,144.05414565826331
Alaska,Americas,1970,1389,4.6314902807775375,48.287832973362136
Northern Mariana Islands,Oceania,2020,1381,4.3755249818971764,125.50126212889209
Philippines,Asia,1970,1379,5.06020304568528,77.143582306018843
Pakistan,Asia,2000,1370,4.149489051094891,23.648248175182481
Italy,Europe,2000,1341,3.5858314690529451,27.33668903803132
Peru,Americas,2020,1324,4.5174471299093666,71.351515105740177
Iran,Asia,1990,1317,4.446545178435839,31.400683371298403
Taiwan,Asia,2000,1282,4.3543681747269893,31.205616224648985
Dominican Republic,Americas,2020,1254,3.6570733652312604,64.521453748006365
China,Asia,1980,1253,4.61440542697526,30.996009577015165
United States of America,Americas,1930,1216,3.8135115131578945,5.7674671052631581
Papua New Guinea,Oceania,2020,1208,4.5391556291390733,75.874141556291391
Afghanistan,Asia,1990,1206,4.2790215588723051,118.72504145936982
Peru,Americas,1990,1205,4.5453112033195024,76.546721991701247
Papua New Guinea,Oceania,1980,1190,4.5723529411764714,77.830672268907534
New Caledonia,Oceania,2010,1189,4.6859545836837677,14.476753574432298
Fiji,Oceania,1970,1186,4.9263406408094443,488.39089376053965
Solomon Islands,Oceania,2020,1168,4.5838184931506838,55.40665154109589
Solomon Islands,Oceania,1990,1163,4.6733447979363723,58.318056749785036
Mexico,Americas,1970,1153,4.2248308759757158,35.74251517779706
Guinea,Africa,1970,1135,5.0756035242290753,74.507577092511013
Guam,Oceania,2010,1101,4.5460490463215262,68.850390554041766
Morocco,Africa,2000,1100,3.5349090909090908,3.8956363636363633
Northern Mariana Islands,Oceania,2000,1094,4.4262340036563073,136.68226691042048
Guatemala,Americas,2010,1092,4.407967032967032,55.047985347985353
Colombia,Americas,1990,1071,4.2783380018674135,86.582446311858078
Taiwan,Asia,2020,1068,4.5452247191011228,23.512129213483146
Turkey,Asia,2020,1065,4.3933333333333335,12.073838497652583
Greece,Europe,1970,1044,4.0690900383141777,38.967911877394641
Canada,Americas,2000,1044,3.9485344827586206,10.624160919540229
Tonga,Oceania,1970,1039,5.019210779595765,103.19451395572665
Italy,Europe,1980,1026,3.7077972709551656,27.383528265107216
Iran,Asia,2020,1013,4.4053307008884488,11.033121421520237
Chile,Americas,1970,1010,4.84060396039604,62.362376237623764
Poland,Europe,1990,1009,3.5091179385530231,7.7138751238850354
Guam,Oceania,2000,982,4.4832993890020356,68.084317718940952
Afghanistan,Asia,2020,978,4.3250511247443759,132.77716871165643
India,Asia,2010,972,4.5305555555555568,35.487181069958844
Canada,Americas,2010,971,4.0895056642636458,11.230716786817711
Taiwan,Asia,1990,963,4.4315680166147455,34.44527518172378
Northern Mariana Islands,Oceania,1990,948,4.4734177215189881,125.1107594936709
Vanuatu,Oceania,1970,937,5.0421024546424746,103.86051227321238
Colombia,Americas,2000,928,4.20625,110.57661637931034
Solomon Islands,Oceania,1980,907,4.8449834619625136,59.272657111356111
Tajikistan,Asia,2000,876,4.1807077625570761,100.53196347031964
Afghanistan,Asia,1980,866,4.5792494226327944,113.73741339491919
Poland,Europe,2000,858,3.4562937062937062,4.9078088578088579
Taiwan,Asia,2010,853,4.5048065650644773,28.485615474794841
China,Asia,1970,834,4.9280335731414864,35.859232613908873
Guam,Oceania,2020,833,4.4774309723889569,69.327064825930364
Turkey,Asia,2010,831,4.3604091456077025,12.091985559566789
El Salvador,Americas,2010,816,4.4430147058823524,49.219301470588228
Spain,Europe,1990,809,3.4241038318912236,13.142892459826948
Guatemala,Americas,2000,797,4.3356336260978674,68.930489335006286
New Caledonia,Oceania,2000,788,4.7241116751269034,21.004695431472083
Iran,Asia,1980,768,4.6058854166666672,34.919010416666666
Colombia,Americas,2010,756,4.46521164021164,95.966177248677241
Peru,Americas,1980,728,4.888461538461538,77.988736263736271
El Salvador,Americas,2000,723,4.3402489626556031,61.620470262793923
Guam,Oceania,1990,718,4.5399721448467965,66.947632311977713
India,Asia,2020,717,4.5001394700139477,20.657832635983265
Tajikistan,Asia,2010,706,4.4046742209631722,86.772563739376764
Iran,Asia,1970,703,4.7167852062588889,34.617780938833576
Nicaragua,Americas,2000,698,4.3699140401146135,61.465042979942687
Argentina,Americas,1980,685,4.6535766423357661,177.39985401459853
Nicaragua,Americas,2010,675,4.4878518518518513,55.597837037037038
Solomon Islands,Oceania,1970,673,5.0664933135215451,55.295245170876669
Nicaragua,Americas,1990,666,4.4759759759759756,47.292342342342344
Algeria,Africa,2000,659,3.7488619119878606,7.5015174506828544
Peru,Americas,1970,645,4.9076279069767432,79.93302325581395
Canada,Americas,1990,638,3.9272727272727272,10.473057993730405
Albania,Europe,2000,634,3.5632492113564664,11.333438485804416
Turkey,Asia,1980,632,4.1564873417721513,19.388765822784809
New Zealand,Oceania,1980,627,5.0073843700159486,77.167145135566173
India,Asia,1990,607,4.4947281713344314,40.839868204283356
Colombia,Americas,1980,603,4.6104477611940293,97.2922056384743
Pakistan,Asia,1990,603,4.3407960199004973,37.540464344941959
Myanmar,Asia,2010,598,4.50066889632107,56.054431438127089
Ecuador,Americas,2010,595,4.5904201680672267,50.952386554621846
Myanmar,Asia,2000,586,4.38839590443686,60.012286689419795
Mexico,Americas,1950,579,4.3715716753022464,7.8910535405872189
Colombia,Americas,2020,554,4.4537906137184127,97.336812274368214
Iceland,Europe,2010,546,4.5496336996336986,8.5700732600732614
Tajikistan,Asia,1990,541,4.2890942698706107,74.899075785582255
Taiwan,Asia,1980,539,4.5168831168831165,37.993692022263453
Bolivia,Americas,2000,538,4.2736059479553914,171.44460966542749
Venezuela,Americas,2000,534,3.7842696629213481,49.899625468164786
Tajikistan,Asia,2020,521,4.3399232245681381,83.163124760076769
Afghanistan,Asia,1970,519,4.4710982658959537,152.97379576107897
Colombia,Americas,1970,519,4.6906358381502882,92.03025048169556
Bolivia,Americas,2010,512,4.4216796875,193.93316406250003
Guatemala,Americas,1990,511,4.3917808219178092,60.349902152641882
Spain,Europe,2000,509,3.4754420432220039,11.976031434184677
India,Asia,1980,506,4.7000197628458507,41.784387351778648
Myanmar,Asia,2020,501,4.4504990019960076,45.753518962075844
Panama,Americas,1990,498,4.175100401606425,21.575903614457829
Turkey,Asia,1970,496,4.3480443548387093,25.28064516129032
France,Europe,1990,488,3.419262295081968,10.942622950819672
Argentina,Americas,1970,485,4.84859793814433,127.37422680412371
Pakistan,Asia,2010,478,4.4665271966527209,27.892154811715479
Portugal,Europe,2000,477,4.0337526205450738,11.862893081761003
Poland,Europe,1980,468,3.6350427350427341,10.091880341880341
Myanmar,Asia,1990,463,4.4766738660907119,66.431101511879035
Canada,Americas,1980,458,4.2056768558951969,12.37645633187773
Guatemala,Americas,2020,457,4.40656455142232,54.233004376367617
Venezuela,Americas,1990,455,3.8531868131868134,49.394725274725275
Papua New Guinea,Oceania,1970,440,5.0328181818181816,80.551363636363661
Croatia,Europe,2000,434,3.5290322580645159,9.8741935483870975
New Caledonia,Oceania,1990,434,4.5843317972350226,37.339631336405532
Australia,Oceania,2000,424,3.8087264150943394,9.515330188679247
Albania,Europe,1980,423,3.6179669030732859,12.554609929078014
Albania,Europe,1990,413,3.4743341404358352,11.94455205811138
Costa Rica,Americas,2000,411,4.3703163017031637,33.822384428223849
Costa Rica,Americas,2010,406,4.5036945812807883,34.917364532019704
Panama,Americas,2000,406,4.5620689655172413,20.081034482758621
New Zealand,Oceania,1970,403,5.1284119106699757,67.269975186104233
Italy,Europe,1970,402,4.04910447761194,37.873134328358212
Ecuador,Americas,2000,401,4.5364089775561087,66.061097256857849
Northern Mariana Islands,Oceania,1980,401,4.8127182044887791,124.36184538653366
France,Europe,1980,399,3.458646616541353,12.400250626566416
Nicaragua,Americas,2020,399,4.5030075187969922,52.727192982456152
South Africa,Africa,1990,395,3.6787341772151896,5.1668354430379742
Bolivia,Americas,2020,394,4.3769035532994929,199.49973096446698
France,Europe,2000,387,3.4488372093023254,10.185529715762272
Cyprus,Asia,2000,386,3.4432642487046632,22.7940414507772
Ecuador,Americas,1990,386,4.5173575129533683,49.280569948186546
El Salvador,Americas,2020,385,4.4322077922077918,57.5262051948052
Nepal,Asia,2010,383,4.45420365535248,13.141697127937338
Mexico,Americas,1930,374,4.2212834224598934,9.0668449197860959
Alaska,Americas,1960,372,5.8271236559139794,28.281989247311827
Panama,Americas,2010,371,4.6315363881401614,17.62358490566038
Trinidad and Tobago,Americas,1990,369,3.6051490514905145,32.697831978319783
Wallis and Futuna,Oceania,2010,356,4.5696629213483142,233.14786516853931
El Salvador,Americas,1990,355,4.36056338028169,62.624788732394364
Ethiopia,Africa,2020,354,4.455932203389831,10.020593220338982
Bolivia,Americas,1990,352,4.4042613636363628,197.15255681818184
Italy,Europe,2010,351,4.313960113960114,40.80008547008547
Ecuador,Americas,2020,351,4.4638176638176645,55.847230769230769
Tajikistan,Asia,1980,349,4.5621776504297982,67.582521489971342
Puerto Rico,Americas,1990,346,3.5083815028901739,37.46965317919075
Canada,Americas,2020,345,3.9840869565217396,10.990901449275363
Guatemala,Americas,1980,338,4.6056213017751473,62.171893491124258
Japan,Asia,1960,334,5.9870658682634739,52.449101796407184
Japan,Asia,1930,331,6.00416918429003,23.330815709969791
Mexico,Americas,1960,330,4.2732121212121212,12.60809090909091
Wallis and Futuna,Oceania,2000,326,4.5067484662576689,223.31687116564416
Myanmar,Asia,1980,316,4.668354430379746,60.418670886075944
Indonesia,Asia,1960,310,5.90567741935484,82.5341935483871
Costa Rica,Americas,1990,307,4.5091205211726377,31.997394136807827
Russia,Europe,1960,301,5.8768106312292359,43.275415282392032
New Caledonia,Oceania,2020,297,4.609427609427609,15.265441077441075
Portugal,Europe,1990,294,3.8299319727891161,14.048639455782313
Guam,Oceania,1980,293,4.8597269624573372,69.8924914675768
Morocco,Africa,1990,292,3.5167808219178078,16.771917808219175
Taiwan,Asia,1970,291,4.8214432989690721,40.989003436426124
Canada,Americas,1970,289,4.3350173010380626,20.024570934256054
New Caledonia,Oceania,1980,289,4.8961937716262982,36.297231833910033
Panama,Americas,2020,281,4.6419928825622776,12.011181494661919
Cyprus,Asia,1990,279,3.9498207885304657,27.977060931899643
Iceland,Europe,2020,276,4.5105072463768119,9.8484818840579678
Australia,Oceania,1990,275,4.16290909090909,16.831272727272729
Russia,Europe,1950,275,6.0790181818181823,34.842545454545458
Venezuela,Americas,2010,271,4.3918819188191884,41.162509225092244
Ecuador,Americas,1980,271,4.81070110701107,68.401476014760163
Tajikistan,Asia,1970,257,4.5503891050583665,87.061089494163426
Panama,Americas,1970,256,4.852734375,31.75
Northern Mariana Islands,Oceania,1970,251,4.7845816733067732,163.102390438247
Iceland,Europe,2000,248,4.3903225806451607,9.9068548387096769
Wallis and Futuna,Oceania,2020,247,4.480161943319839,269.96359919028345
Guatemala,Americas,1970,244,4.780901639344262,75.305327868852459
Anguilla,Americas,2000,243,3.7390946502057618,41.220576131687253
Georgia,Asia,2010,240,4.6258333333333335,10.842166666666666
Pakistan,Asia,1980,237,4.613924050632912,40.161603375527427
Romania,Europe,2000,236,3.76228813559322,99.1042372881356
Nicaragua,Americas,1980,230,4.7126086956521736,66.547391304347826
Kyrgyzstan,Asia,2000,226,4.3039823008849547,33.51194690265487
Wallis and Futuna,Oceania,1990,226,4.55221238938053,237.87699115044248
Djibouti,Africa,2010,225,4.5213333333333336,9.8448444444444441
Germany,Europe,2000,223,3.4381165919282508,5.0179372197309418
India,Asia,1970,223,4.8130493273542605,40.033183856502241
Croatia,Europe,1990,219,3.682648401826484,10.906849315068493
Panama,Americas,1980,219,4.7223744292237448,21.140639269406392
Japan,Asia,1920,219,6.1084474885844759,28.645662100456615
Kyrgyzstan,Asia,2010,218,4.4472477064220177,26.29380733944954
Ethiopia,Africa,2000,215,4.4869767441860455,10.252093023255814
Egypt,Africa,1990,214,4.0350467289719623,11.672897196261681
Japan,Asia,1950,213,6.1007042253521124,42.586384976525814
Dominican Republic,Americas,1990,211,3.9151658767772508,72.121800947867285
Trinidad and Tobago,Americas,2000,211,3.6099526066350713,41.545971563981041
Australia,Oceania,1980,211,4.3028436018957352,21.294312796208526
Costa Rica,Americas,1980,209,4.5158851674641136,44.523444976076554
United Republic of Tanzania,Africa,2000,207,4.4690821256038644,10.686956521739132
Alaska,Americas,1950,207,6.1163768115942032,28.808212560386476
Pakistan,Asia,2020,206,4.38883495145631,19.94909708737864
Spain,Europe,1980,203,3.5512315270935959,14.957635467980296
Bosnia and Herzegovina,Europe,1990,203,3.6054187192118223,10.222660098522168
Antigua and Barbuda,Americas,2000,197,3.8025380710659897,30.099999999999998
El Salvador,Americas,1980,195,4.6605128205128192,57.88871794871794
Australia,Oceania,2010,195,4.3984615384615386,8.7760512820512826
Kyrgyzstan,Asia,1990,192,4.4322916666666661,32.94947916666667
Montenegro,Europe,1970,187,3.932620320855615,10.732620320855615
Romania,Europe,1990,185,3.9718918918918917,86.043243243243239
Antigua and Barbuda,Americas,1990,184,3.7402173913043479,29.296739130434787
Costa Rica,Americas,2020,182,4.4401098901098885,25.975818681318685
Ecuador,Americas,1970,182,4.7297802197802206,66.805494505494508
Yemen,Asia,2010,180,4.5144444444444431,10.244
Guam,Oceania,1970,180,4.9572222222222235,69.794444444444451
Pakistan,Asia,1970,177,4.8459887005649716,42.136723163841808
Indonesia,Asia,1930,174,6.0903448275862058,29.445402298850571
Bolivia,Americas,1980,170,4.7476470588235289,201.04764705882351
Chile,Americas,1960,170,5.957,36.2064705882353
Mexico,Americas,1940,169,4.2665088757396443,9.0004733727810642
China,Asia,1960,162,5.5243827160493835,17.76358024691358
Haiti,Americas,2010,156,4.3865384615384615,10.458589743589743
Iceland,Europe,1970,156,4.5608974358974361,20.916666666666661
Bosnia and Herzegovina,Europe,1980,154,3.6629870129870126,11.500649350649349
Samoa,Oceania,2020,153,3.72156862745098,11.486333333333334
Algeria,Africa,1990,151,3.7827814569536424,12.142384105960263
Myanmar,Asia,1970,150,4.8401333333333332,61.658666666666676
Uzbekistan,Asia,1980,150,4.642,28.314
Greenland,Americas,2000,147,4.3156462585034,10.906122448979591
Venezuela,Americas,1980,147,4.5285714285714285,46.151020408163262
Bosnia and Herzegovina,Europe,2000,146,3.5054794520547947,8.9068493150684951
Italy,Europe,2020,146,4.2458904109589035,81.454904109589052
Algeria,Africa,1980,144,4.3493055555555564,11.021527777777777
Croatia,Europe,1980,143,3.593006993006993,11.50909090909091
Greece,Europe,1950,143,5.5688811188811185,17.083916083916087
Portugal,Europe,2010,141,4.5304964539007093,11.456312056737591
Mozambique,Africa,2000,141,4.4886524822695044,10.758865248226948
Dominica,Americas,2000,140,3.735,53.25714285714286
Yemen,Asia,2000,140,4.6,10.461428571428574
Somalia,Africa,2020,139,4.4769784172661868,9.9928057553956826
Albania,Europe,2010,139,4.3956834532374094,11.427194244604317
Azerbaijan,Asia,2000,138,4.1144927536231872,36.468115942028987
Greenland,Americas,2010,138,4.5094202898550737,11.136449275362319
Greenland,Americas,1990,137,4.2963503649635042,10.713868613138688
Japan,Asia,1940,134,6.2826119402985077,25.859701492537319
Indonesia,Asia,1920,134,6.219029850746268,26.417910447761191
Wallis and Futuna,Oceania,1980,133,4.8496240601503748,234.5751879699248
Iceland,Europe,1990,133,4.4075187969924805,9.2751879699248114
Kiribati,Oceania,1980,133,4.8744360902255632,31.443609022556391
Venezuela,Americas,2020,131,4.5213740458015268,52.439572519083974
Kazakhstan,Asia,1980,131,5.33206106870229,6.7496183206106872
Somalia,Africa,2010,129,4.4798449612403086,10.245348837209301
Indonesia,Asia,1950,129,6.11108527131783,36.5875968992248
Nicaragua,Americas,1970,127,4.74976377952756,73.122047244094489
Iraq,Asia,2010,127,4.3795275590551173,11.282125984251968
Bolivia,Americas,1970,127,4.6930708661417322,165.54960629921257
North Macedonia,Europe,1990,125,3.4671999999999996,9.2832
China,Asia,1950,125,5.96,27.412000000000006
Vanuatu,Oceania,1960,125,6.05224,72.32
China,Asia,1930,125,5.96856,16.640000000000004
Mongolia,Asia,2000,124,4.2395161290322569,18.12822580645161
South Africa,Africa,1980,123,4.3032520325203256,10.062601626016262
Philippines,Asia,1930,123,6.02650406504065,23.048780487804876
Democratic Republic of the Congo,Africa,2000,122,4.50655737704918,11.233606557377048
Honduras,Americas,2010,122,4.4540983606557383,22.566967213114754
Tonga,Oceania,1960,122,5.9115573770491814,51.828688524590156
El Salvador,Americas,1970,118,4.6616949152542366,74.169491525423723
Mongolia,Asia,2020,117,4.5128205128205119,10.45819658119658
Iran,Asia,1960,117,5.43974358974359,17.491452991452991
Bulgaria,Europe,2000,116,3.5370689655172409,13.808620689655172
South Africa,Africa,2010,116,4.4146551724137932,5.16905172413793
Russia,Europe,1930,116,6.0262068965517228,33.103448275862071
Philippines,Asia,1960,114,5.8546491228070181,55.255263157894738
Portugal,Europe,1980,113,4.2504424778761063,13.669911504424778
Australia,Oceania,2020,113,4.4106194690265479,10.043681415929202
Greenland,Americas,2020,113,4.4734513274336276,9.93467256637168
Mauritius,Africa,2010,113,4.7238938053097339,10.350619469026547
Anguilla,Americas,2010,111,3.6654954954954961,53.9890990990991
Kazakhstan,Asia,1970,111,5.3347747747747754,5.5846846846846843
Peru,Americas,1960,111,5.7116216216216218,53.95945945945946
Trinidad and Tobago,Americas,1980,110,4.1627272727272731,39.156363636363636
Honduras,Americas,2000,110,4.3972727272727274,36.087272727272733
Kyrgyzstan,Asia,1970,110,4.7447272727272729,35.794545454545457
United Republic of Tanzania,Africa,2020,109,4.4486238532110089,10.110871559633027
Czechia,Europe,1980,108,3.5675925925925926,11.146296296296297
Turkmenistan,Asia,2000,107,4.2588785046728965,31.941121495327106
Georgia,Asia,1990,107,4.4841121495327112,19.499065420560747
Nepal,Asia,2000,104,4.3086538461538462,27.952884615384615
Indonesia,Asia,1940,104,6.342884615384615,28.91826923076923
Slovenia,Europe,1990,103,3.5495145631067961,10.06019417475728
Romania,Europe,1980,103,4.0970873786407767,124.97766990291261
Guinea,Africa,1960,103,5.9707766990291278,67.127184466019429
United States of America,Americas,1900,102,4.6970588235294111,0.34313725490196079
Philippines,Asia,1920,99,6.21939393939394,25.919191919191917
Albania,Europe,1970,97,4.0612371134020622,20.824742268041238
Iceland,Europe,1980,97,4.5690721649484525,10.061855670103093
Tuvalu,Oceania,1980,97,4.8989690721649479,31.670103092783503
Portugal,Europe,2020,97,4.5237113402061855,10.443030927835052
United Republic of Tanzania,Africa,2010,95,4.52,11.086736842105262
Azerbaijan,Asia,2010,95,4.4515789473684215,25.209473684210526
United States of America,Americas,1910,94,5.1294680851063825,2.1808510638297873
Nepal,Asia,1990,94,4.4734042553191484,36.287234042553195
Haiti,Americas,2020,93,4.38494623655914,10.484784946236557
Algeria,Africa,2010,92,4.4206521739130435,11.327826086956522
Uzbekistan,Asia,1970,92,4.5771739130434774,32.136956521739137
Costa Rica,Americas,1970,92,4.8456521739130434,49.723913043478262
North Macedonia,Europe,2000,91,3.5494505494505497,10.743956043956043
Anguilla,Americas,2020,91,3.9584615384615387,37.638010989010986
Iran,Asia,1930,90,5.6205555555555549,14.888888888888889
Bulgaria,Europe,1990,88,3.3465909090909092,9.8931818181818176
South Africa,Africa,2000,88,4.3170454545454531,5.0681818181818192
Wallis and Futuna,Oceania,1970,88,5.0245454545454544,192.36363636363637
Democratic Republic of the Congo,Africa,1980,88,4.540909090909091,15.950000000000001
Venezuela,Americas,1970,88,4.6965909090909088,49.286363636363632
Kyrgyzstan,Asia,2020,88,4.3909090909090907,14.035545454545456
Alaska,Americas,1930,88,6.1139772727272739,28.693181818181813
Antigua and Barbuda,Americas,1980,87,3.7689655172413792,27.959770114942529
Uzbekistan,Asia,1990,87,4.2620689655172406,34.819540229885064
Greenland,Americas,1980,87,4.5459770114942524,13.054022988505746
Montenegro,Europe,1980,86,3.7581395348837208,11.781395348837208
Mauritius,Africa,2000,86,4.8616279069767447,10.488372093023255
Germany,Europe,1980,85,3.5094117647058822,11.23294117647059
Czechia,Europe,2000,84,3.4107142857142856,6.8916666666666675
Germany,Europe,1990,84,3.394047619047619,11.65952380952381
Saudi Arabia,Asia,1990,84,4.1309523809523814,10.060714285714287
Federated States of Micronesia,Oceania,2010,84,4.6428571428571441,13.380357142857143
Nepal,Asia,2020,83,4.5277108433734945,13.73990361445783
Switzerland,Europe,1990,82,3.60609756097561,8.2048780487804862
United States of America,Americas,1880,82,4.9003658536585366,0.97560975609756129
Switzerland,Europe,2000,81,3.5234567901234564,8.7580246913580257
Samoa,Oceania,2000,81,4.6633333333333331,23.101370370370368
Republic of Serbia,Europe,1980,81,3.9197530864197523,12.198765432098767
Austria,Europe,1990,81,3.4851851851851849,9.3246913580246922
Romania,Europe,2010,81,4.3802469135802458,102.19677777777775
Morocco,Africa,2010,81,4.4765432098765423,12.672839506172838
United States of America,Americas,1920,81,5.0625925925925932,3.54320987654321
Greece,Europe,1930,81,5.5781481481481485,16.666666666666668
Guinea,Africa,1930,81,6.2282716049382714,29.567901234567902
Russia,Europe,1920,81,6.3266666666666662,25.308641975308642
Tonga,Oceania,1950,81,6.0281481481481478,31.107407407407408
Honduras,Americas,1990,80,4.503750000000001,52.2225
Honduras,Americas,2020,80,4.4787499999999989,26.279462499999998
Democratic Republic of the Congo,Africa,2010,80,4.5175,10.438249999999998
Mauritius,Africa,2020,80,4.6499999999999995,10.0
Kazakhstan,Asia,2000,79,4.3189873417721518,22.4126582278481
Republic of Serbia,Europe,2000,79,3.6101265822784816,9.9670886075949365
Saint Helena,Africa,2010,79,4.7493670886075945,10.121772151898735
Somalia,Africa,2000,79,4.4341772151898731,10.582278481012658
Solomon Islands,Oceania,1960,78,6.0203846153846152,42.706410256410251
Greece,Europe,1940,78,5.6867948717948718,16.666666666666668
Azerbaijan,Asia,1990,77,4.3168831168831172,40.98831168831169
Yemen,Asia,1990,76,4.5697368421052618,10.488157894736842
China,Asia,1940,76,6.113421052631578,28.305263157894732
Uzbekistan,Asia,2000,75,4.236,28.279999999999998
Turkmenistan,Asia,2010,75,4.4293333333333331,22.8956
New Caledonia,Oceania,1970,74,5.05418918918919,37.918918918918912
Norway,Europe,1990,73,3.5506849315068485,12.287671232876713
Austria,Europe,2000,73,3.5616438356164384,8.4643835616438352
Mongolia,Asia,1990,73,4.4835616438356167,31.265753424657529
Saint Helena,Africa,2020,73,4.7602739726027385,9.99531506849315
Japan,Asia,1910,73,6.5454794520547956,32.534246575342458
Iraq,Asia,2000,72,4.2680555555555557,29.868055555555554
Mozambique,Africa,2010,72,4.5236111111111112,11.153611111111111
Turkey,Asia,1940,72,5.7656944444444429,15.347222222222221
Kazakhstan,Asia,2010,71,4.4408450704225348,19.143661971830984
Yemen,Asia,2020,71,4.4760563380281688,10.0
Alaska,Americas,1920,71,6.2133802816901404,28.56338028169014
Papua New Guinea,Oceania,1960,71,6.0156338028169021,50.553521126760565
Alaska,Americas,1940,71,6.2846478873239437,29.643661971830984
Nepal,Asia,1980,70,4.6742857142857144,40.874285714285712
Samoa,Oceania,2010,70,4.5691428571428574,23.479571428571425
Vanuatu,Oceania,1950,70,6.1955714285714283,33.294285714285706
Samoa,Oceania,1990,69,4.5036231884057969,30.417159420289853
Fiji,Oceania,1960,69,6.00695652173913,328.74927536231883
Philippines,Asia,1950,69,6.1724637681159411,27.610144927536236
South Africa,Africa,2020,68,4.1852941176470591,5.4855000000000009
Turkey,Asia,1960,68,5.5183823529411749,16.050000000000004
China,Asia,1920,68,6.0575,15.882352941176473
Philippines,Asia,1940,68,6.2322058823529405,25.294117647058822
Taiwan,Asia,1950,67,6.26134328358209,24.001492537313428
Grenada,Americas,2000,66,3.4969696969696966,82.224242424242419
Georgia,Asia,2020,66,4.5136363636363628,10.635196969696969
Guinea,Africa,1950,66,6.210151515151515,29.774242424242427
Turkmenistan,Asia,1980,65,4.6984615384615376,35.347692307692306
United States of America,Americas,1890,65,5.210461538461538,0.61538461538461553
Russia,Europe,1940,65,6.2566153846153849,28.10923076923077
Kyrgyzstan,Asia,1980,65,4.6369230769230771,33.92
Grenada,Americas,1990,64,3.525,70.4296875
Turkey,Asia,1930,64,5.5364062499999989,15.078125
Morocco,Africa,2020,63,4.3984126984126979,10.638206349206349
Albania,Europe,2020,63,4.2857142857142856,11.998412698412698
Solomon Islands,Oceania,1930,63,6.4052380952380954,20.555555555555554
Turkey,Asia,1950,62,5.645483870967742,17.580645161290324
Republic of Serbia,Europe,1990,61,3.6999999999999997,11.381967213114756
Antigua and Barbuda,Americas,2010,61,4.440983606557376,30.717540983606558
India,Asia,1960,61,5.5431147540983616,23.472131147540985
Djibouti,Africa,1990,59,4.187627118644067,9.60508474576271
Dominican Republic,Americas,1980,59,4.9186440677966106,62.552542372881362
Democratic Republic of the Congo,Africa,1990,59,4.7050847457627123,12.061016949152542
Switzerland,Europe,1980,58,3.4913793103448274,11.399999999999997
Mongolia,Asia,2010,58,4.5137931034482754,13.383620689655171
Greece,Europe,1920,58,5.6712068965517242,16.293103448275865
Palau,Oceania,2010,58,4.7224137931034482,25.471034482758622
Austria,Europe,1980,57,3.5614035087719302,10.682456140350876
Dominica,Americas,1990,57,3.7105263157894739,99.331578947368428
Anguilla,Americas,1990,57,4.140350877192982,43.759649122807012
Romania,Europe,1970,56,4.3142857142857149,113.10714285714286
Montenegro,Europe,1990,56,3.7285714285714286,11.401785714285714
South Sudan,Africa,1990,56,4.875,11.714285714285714
New Zealand,Oceania,1960,56,6.08375,41.267857142857139
Poland,Europe,2010,55,4.2781818181818174,5.4821818181818172
Cuba,Americas,2010,55,4.4272727272727259,14.539818181818184
Chile,Americas,1920,55,6.2014545454545447,26.81818181818182
Dominican Republic,Americas,1970,54,4.9090740740740744,60.5
Azerbaijan,Asia,1980,54,4.7111111111111112,37.7074074074074
Georgia,Asia,2000,54,4.4333333333333336,18.318518518518516
Sudan,Africa,1990,53,4.6584905660377354,11.309433962264151
Taiwan,Asia,1930,53,6.1028301886792446,17.264150943396228
Democratic Republic of the Congo,Africa,2020,52,4.4942307692307688,10.043769230769229
French Polynesia,Oceania,1980,52,5.35,0.0
Mexico,Americas,1920,52,6.2238461538461536,22.884615384615383
Indonesia,Asia,1910,52,6.4875000000000016,36.826923076923066
Greece,Europe,1960,52,5.6648076923076927,28.003846153846155
Turkmenistan,Asia,1990,51,4.47450980392157,35.190196078431377
Trinidad and Tobago,Americas,2010,50,4.34,38.304600000000008
Eritrea,Africa,2010,50,4.5619999999999994,9.9771999999999981
Cyprus,Asia,2010,50,4.1919999999999993,27.9572
Romania,Europe,2020,50,4.3480000000000008,90.198399999999992
Spain,Europe,2010,50,4.072,23.2886
Guinea,Africa,1940,50,6.5036,32.844000000000008
Philippines,Asia,1910,50,6.545,26.199999999999996
United Republic of Tanzania,Africa,1980,49,4.3816326530612244,16.56530612244898
Uzbekistan,Asia,2010,49,4.4918367346938766,21.726326530612244
Cayman Islands,Americas,2020,49,4.40204081632653,10.178489795918367
Mozambique,Africa,1980,49,4.3836734693877553,17.408163265306118
India,Asia,1950,49,5.97734693877551,22.557142857142857
Saint Lucia,Americas,2000,48,3.4604166666666671,38.90625
Croatia,Europe,2020,48,4.2208333333333332,10.498895833333334
United Kingdom,Europe,2000,48,3.6604166666666669,10.545833333333334
Samoa,Oceania,1980,47,4.3174468085106392,25.40195744680851
France,Europe,2010,47,4.1127659574468076,15.871063829787239
Kazakhstan,Asia,2020,47,4.2893617021276595,15.214063829787234
United States of America,Americas,1870,47,5.1351063829787238,0.74468085106382975
Zambia,Africa,1980,46,4.2717391304347831,18.1195652173913
Bangladesh,Asia,2000,46,4.3956521739130432,23.60217391304348
Bosnia and Herzegovina,Europe,2010,46,4.0260869565217394,10.540217391304347
Saudi Arabia,Asia,2010,46,4.3891304347826088,10.728260869565217
Greenland,Americas,1970,46,4.7189130434782616,27.521739130434785
Turkey,Asia,1920,46,5.6873913043478259,14.891304347826086
Norway,Europe,1980,45,3.8222222222222224,11.273333333333335
Kosovo,Europe,2000,45,3.5711111111111111,9.6733333333333338
Ethiopia,Africa,1980,45,5.0822222222222235,13.464444444444444
Brazil,Americas,2010,45,4.6288888888888886,325.61888888888882
Saudi Arabia,Asia,2020,45,4.3711111111111105,9.97791111111111
Morocco,Africa,1980,44,3.75,21.984090909090906
Iraq,Asia,1990,44,4.3749999999999991,36.072727272727271
Iraq,Asia,1980,44,4.5681818181818183,40.468181818181826
Algeria,Africa,2020,44,4.5363636363636353,9.9744090909090914
Greece,Europe,1910,44,5.7952272727272724,16.59090909090909
Samoa,Oceania,1970,43,4.4093023255813959,22.52120930232558
Saudi Arabia,Asia,2000,43,4.3744186046511624,9.604651162790697
Brazil,Americas,2000,43,4.7488372093023257,373.33023255813953
Vanuatu,Oceania,1930,43,6.2132558139534879,28.372093023255815
North Macedonia,Europe,1980,42,3.573809523809524,10.747619047619049
Mongolia,Asia,1970,42,4.8611904761904743,30.219047619047618
United States of America,Americas,1860,42,5.666666666666667,0.23809523809523811
Slovenia,Europe,2000,41,3.4658536585365849,8.7560975609756078
Japan,Asia,1900,41,6.73780487804878,60.365853658536587
Taiwan,Asia,1920,41,6.2331707317073164,20.243902439024389
Slovenia,Europe,1980,40,3.4475,11.240000000000002
East Timor,Asia,1990,40,4.4125000000000005,46.117499999999993
Kazakhstan,Asia,1990,40,4.5424999999999995,29.552499999999995
Saint Helena,Africa,2000,40,4.9125,10.1675
Honduras,Americas,1980,40,4.7649999999999988,32.9075
New Zealand,Oceania,1930,40,6.3640000000000008,25.0
Chile,Americas,1950,40,6.3185,34.667500000000004
Sweden,Europe,1990,39,3.4461538461538459,10.589743589743589
Bulgaria,Europe,1980,39,3.9435897435897433,14.425641025641026
Montenegro,Europe,2000,39,3.5051282051282051,12.664102564102564
Vietnam,Asia,2020,39,4.3051282051282049,10.284666666666668
Yemen,Asia,1980,39,4.8307692307692305,9.6974358974358985
Eritrea,Africa,2020,39,4.52051282051282,9.9248205128205118
Russia,Europe,1910,39,6.4771794871794866,36.53846153846154
Norway,Europe,2000,38,3.7947368421052632,10.771052631578947
United Kingdom,Europe,1990,38,3.5789473684210527,10.576315789473686
Cayman Islands,Americas,2000,38,4.3578947368421055,14.926315789473684
Cuba,Americas,1990,38,4.23421052631579,21.994736842105262
Iraq,Asia,2020,38,4.3500000000000005,10.539526315789473
Yemen,Asia,1970,38,4.8810526315789478,28.342105263157894
Iran,Asia,1920,38,5.7178947368421049,15.526315789473683
Pakistan,Asia,1960,38,5.4089473684210523,18.465789473684207
Alaska,Americas,1910,37,6.4394594594594592,26.891891891891891
Germany,Europe,1970,37,3.756756756756757,16.918918918918916
Cayman Islands,Americas,2010,36,4.4888888888888889,12.162222222222223
Turkmenistan,Asia,2020,36,4.5027777777777764,17.078055555555554
Barbados,Americas,1990,35,3.6457142857142859,29.688571428571429
Djibouti,Africa,2000,35,4.46,9.6457142857142859
Malawi,Africa,1980,35,4.2114285714285717,16.39714285714286
Montenegro,Europe,2010,35,4.2485714285714282,12.884857142857143
Ethiopia,Africa,1990,35,4.637142857142857,13.808571428571428
South Africa,Africa,1970,35,4.9800000000000013,29.514285714285712
Pakistan,Asia,1930,35,5.8162857142857138,13.285714285714286
India,Asia,1930,35,5.8185714285714285,21.162857142857145
Taiwan,Asia,1960,35,5.998,33.474285714285713
Barbados,Americas,2010,35,4.5257142857142867,25.747428571428575
Papua New Guinea,Oceania,1930,35,6.2708571428571434,31.400000000000002
Tunisia,Africa,2000,34,3.9235294117647057,11.3
Montserrat,Americas,1980,34,3.7058823529411766,27.911764705882351
Croatia,Europe,1970,34,4.0779411764705884,21.176470588235293
Portugal,Europe,1970,34,4.63235294117647,28.058823529411764
Azerbaijan,Asia,2020,34,4.4794117647058833,28.981029411764702
Australia,Oceania,1970,34,4.8641176470588237,22.323529411764707
Ireland,Europe,2000,34,4.7529411764705882,49.529411764705877
Tonga,Oceania,1930,34,6.2152941176470584,31.911764705882355
United Republic of Tanzania,Africa,1990,34,4.7558823529411764,16.097058823529409
Cyprus,Asia,1980,33,4.1454545454545455,38.6060606060606
Mongolia,Asia,1980,33,4.7424242424242413,30.727272727272727
Somalia,Africa,1990,33,4.6848484848484837,11.64848484848485
Egypt,Africa,1980,33,4.4212121212121218,14.203030303030301
Argentina,Americas,1960,33,5.6833333333333336,192.48787878787877
Thailand,Asia,2010,33,4.33030303030303,11.386969696969697
Papua New Guinea,Oceania,1950,33,6.211515151515151,37.415151515151514
United States of America,Americas,1850,32,5.280625,0.3125
North Macedonia,Europe,2010,32,4.065625,11.975312500000001
Azerbaijan,Asia,1970,32,4.638125,38.765625
Myanmar,Asia,1930,32,6.005937499999999,21.09375
Guinea,Africa,1920,32,6.1428124999999989,26.875000000000004
Solomon Islands,Oceania,1950,32,6.2040625,25.521874999999998
Mozambique,Africa,2020,32,4.41875,10.0
Barbados,Americas,2000,31,4.0193548387096776,25.206451612903226
Zambia,Africa,2010,31,4.4387096774193546,13.405806451612902
Mozambique,Africa,1990,31,4.2548387096774194,14.419354838709678
Mauritius,Africa,1990,31,4.9129032258064509,10.267741935483873
Federated States of Micronesia,Oceania,2000,31,4.6838709677419361,30.219354838709673
Malawi,Africa,2000,31,4.6258064516129034,11.551612903225806
Iran,Asia,1950,31,5.7612903225806456,17.903225806451612
Nepal,Asia,1970,31,4.9116129032258069,30.909677419354843
Chile,Americas,1940,31,6.4348387096774191,34.325806451612905
Poland,Europe,2020,30,4.2733333333333334,5.8848666666666656
Antigua and Barbuda,Americas,2020,30,4.5600000000000005,30.7217
Malta,Europe,2020,30,4.46,10.089966666666667
Uganda,Africa,2010,30,4.66,11.153
Bosnia and Herzegovina,Europe,1970,30,4.4713333333333329,21.933333333333334
Brazil,Americas,2020,30,4.7600000000000016,314.33906666666667
Cuba,Americas,2020,30,4.4833333333333325,11.142633333333331
Afghanistan,Asia,1960,30,5.6903333333333332,80.813333333333333
India,Asia,1940,30,6.0006666666666666,21.5
Vanuatu,Oceania,1920,30,6.327,30.000000000000004
Dominica,Americas,1980,29,3.8827586206896552,74.406896551724131
Syria,Asia,2020,29,4.4172413793103447,10.06093103448276
Saint Lucia,Americas,1990,29,3.5413793103448277,51.179310344827584
Turkey,Asia,1910,29,5.9606896551724136,14.482758620689653
Chile,Americas,1930,29,6.4227586206896552,28.793103448275861
Italy,Europe,1910,29,5.5600000000000005,13.965517241379311
New Zealand,Oceania,1950,29,6.2172413793103445,28.748275862068965
Cyprus,Asia,2020,29,4.4,22.401827586206895
Djibouti,Africa,1970,29,4.9827586206896557,27.482758620689655
Montserrat,Americas,1990,28,3.4892857142857143,37.725
Egypt,Africa,2000,28,4.1607142857142856,12.000000000000002
Tunisia,Africa,1990,28,4.3107142857142868,16.442857142857147
Anguilla,Americas,1980,28,4.4285714285714279,41.364285714285721
Saint Vincent and the Grenadines,Americas,2000,28,3.525,74.257142857142867
Spain,Europe,2020,27,4.2407407407407405,12.208259259259259
Egypt,Africa,2010,27,4.3888888888888884,13.259629629629629
Saint Helena,Africa,1980,27,4.9666666666666668,10.0
Uganda,Africa,1990,27,4.6888888888888891,16.466666666666669
Bulgaria,Europe,2010,27,4.2518518518518524,9.9755555555555571
Brazil,Americas,1990,27,4.7111111111111112,403.27777777777771
Solomon Islands,Oceania,1920,27,6.431111111111111,17.407407407407405
Peru,Americas,1920,27,6.3814814814814813,60.0
New Zealand,Oceania,1940,27,6.5625925925925914,25.518518518518523
Guinea,Africa,1910,27,6.7014814814814825,22.222222222222218
Tajikistan,Asia,1960,27,5.4362962962962955,31.4
Hungary,Europe,1980,26,3.6653846153846152,10.519230769230768
Saint Kitts and Nevis,Americas,2000,26,3.7076923076923078,77.469230769230776
United Kingdom,Europe,1980,26,3.6269230769230769,9.65
Jamaica,Americas,2000,26,4.1961538461538455,13.45
United Republic of Tanzania,Africa,1970,26,4.6119230769230768,30.96153846153846
Mauritius,Africa,1980,26,5.15,10.0
Italy,Europe,1930,26,5.4273076923076928,14.423076923076923
Saint Helena,Africa,1990,26,4.8576923076923082,10.0
Iran,Asia,1940,26,5.8284615384615384,15.0
Bhutan,Asia,2000,25,4.508,28.576
Saint Kitts and Nevis,Americas,1980,25,4.144,27.587999999999994
Brazil,Americas,1980,25,5.136,329.496
Dominica,Americas,2010,25,4.4520000000000008,137.432
Honduras,Americas,1970,25,4.7016000000000009,31.6
China,Asia,1910,25,6.352,15.799999999999999
Panama,Americas,1960,25,5.9551999999999987,19.744
Puerto Rico,Americas,1980,25,4.636,31.619999999999997
Democratic Republic of the Congo,Africa,1970,25,4.8336000000000006,28.080000000000002
Cuba,Americas,2000,24,4.3291666666666666,15.283333333333333
Madagascar,Africa,2000,24,4.4416666666666673,9.4625
East Timor,Asia,2010,24,4.4458333333333337,45.942499999999995
Palau,Oceania,2000,24,4.6,29.0875
Bosnia and Herzegovina,Europe,2020,24,4.0416666666666661,9.4224166666666669
Bangladesh,Asia,2010,24,4.3666666666666671,20.712500000000002
Uzbekistan,Asia,2020,24,4.4708333333333332,16.071875
Mongolia,Asia,1960,24,5.5483333333333338,13.762500000000001
Tajikistan,Asia,1930,24,5.6175000000000006,16.041666666666664
Myanmar,Asia,1950,24,5.8929166666666672,32.675000000000004
Libya,Africa,2000,24,3.9625000000000004,15.120833333333334
Sudan,Africa,2000,24,4.3708333333333327,10.0
Ethiopia,Africa,2010,23,4.552173913043478,10.936521739130436
Federated States of Micronesia,Oceania,2020,23,4.8043478260869561,11.557826086956522
Ireland,Europe,2010,23,4.6217391304347828,86.031739130434772
Sudan,Africa,2010,23,4.3782608695652181,11.47304347826087
Somalia,Africa,1970,23,4.8913043478260869,31.0
Kosovo,Europe,1990,23,3.5826086956521737,11.03478260869565
Laos,Asia,2000,23,4.4695652173913043,17.0
Nicaragua,Americas,1950,23,6.0065217391304353,42.14782608695652
Myanmar,Asia,1960,23,5.7504347826086946,57.839130434782604
Tonga,Oceania,1940,23,6.4326086956521742,22.173913043478262
Vanuatu,Oceania,1910,23,6.6343478260869553,44.434782608695656
Peru,Americas,1940,23,6.3943478260869551,27.030434782608697
Taiwan,Asia,1940,23,6.3065217391304342,23.434782608695652
Bangladesh,Asia,1990,22,4.3636363636363642,34.531818181818174
Jamaica,Americas,1990,22,3.6318181818181823,15.859090909090908
Georgia,Asia,1980,22,4.6545454545454543,24.63636363636364
Uganda,Africa,2020,22,4.4227272727272728,10.655909090909091
Federated States of Micronesia,Oceania,1990,22,4.6272727272727279,30.104545454545452
Palau,Oceania,1990,22,4.6454545454545455,52.2590909090909
Zambia,Africa,1970,22,4.66409090909091,30.227272727272727
Italy,Europe,1920,22,5.4654545454545458,17.272727272727273
Guatemala,Americas,1950,22,6.0190909090909077,42.481818181818177
East Timor,Asia,2000,22,4.3909090909090915,63.013636363636365
Tonga,Oceania,1920,22,6.172727272727272,18.636363636363637
Vanuatu,Oceania,1940,22,6.4354545454545464,32.954545454545453
Ecuador,Americas,1960,22,5.790909090909091,55.31818181818182
Jamaica,Americas,2010,21,3.90952380952381,13.096190476190477
Czechia,Europe,1990,21,3.3714285714285714,10.014285714285712
Armenia,Asia,1980,21,4.8095238095238093,15.542857142857144
Lebanon,Asia,2000,21,3.8238095238095235,9.3238095238095244
Syria,Asia,1990,21,4.0619047619047626,16.019047619047615
Antigua and Barbuda,Americas,1970,21,4.9238095238095241,38.571428571428562
Malawi,Africa,2010,21,4.39047619047619,12.517142857142856
Colombia,Americas,1960,21,5.6780952380952368,70.585714285714289
Panama,Americas,1930,21,6.1519047619047624,21.190476190476193
Mexico,Americas,1910,21,6.5966666666666667,25.047619047619051
Panama,Americas,1950,21,5.986190476190477,21.461904761904762
Ecuador,Americas,1950,21,6.3176190476190488,18.80952380952381
Ecuador,Americas,1940,21,6.3557142857142859,17.557142857142853
Mauritania,Africa,2010,20,4.205000000000001,9.9050000000000011
Somalia,Africa,1980,20,4.835,11.150000000000002
France,Europe,1970,20,4.225,28.45
Algeria,Africa,1970,20,4.682,27.399999999999995
Pakistan,Asia,1940,20,5.9449999999999994,19.0
Fiji,Oceania,1950,20,6.2965,120.16
Taiwan,Asia,1910,20,6.4025,17.25
Alaska,Americas,1900,20,6.9619999999999989,27.000000000000004
Austria,Europe,1970,20,3.8170000000000006,20.25
Oman,Asia,2010,20,4.43,10.839
Indonesia,Asia,1900,20,6.7749999999999995,39.75
Libya,Africa,1980,19,4.4368421052631577,20.457894736842103
Antarctica,Antarctica,2000,19,4.2947368421052632,10.2
Saint Kitts and Nevis,Americas,1990,19,3.5789473684210527,73.731578947368419
Djibouti,Africa,1980,19,4.7210526315789485,9.8368421052631554
Spain,Europe,1970,19,4.5526315789473681,61.210526315789473
Palau,Oceania,2020,19,4.4894736842105258,10.320526315789474
East Timor,Asia,2020,19,4.4789473684210517,18.479736842105261
Antarctica,Antarctica,2010,19,4.5578947368421048,12.500526315789473
Zambia,Africa,1990,19,4.4736842105263159,13.721052631578948
Russia,Europe,1900,19,6.6794736842105271,63.684210526315788
Guam,Oceania,1960,19,5.66578947368421,26.773684210526316
Afghanistan,Asia,1950,19,5.8221052631578942,51.673684210526318
Peru,Americas,1950,19,6.2552631578947357,64.910526315789468
Tajikistan,Asia,1940,19,5.9889473684210515,18.157894736842103
Bulgaria,Europe,1970,19,4.0205263157894739,22.931578947368422
Netherlands,Europe,2000,19,3.4684210526315788,9.31578947368421
Papua New Guinea,Oceania,1920,19,6.3905263157894741,29.210526315789473
Philippines,Asia,1900,19,6.8157894736842106,42.631578947368411
France,Europe,2020,19,4.0842105263157888,34.135421052631578
Malaysia,Asia,2010,18,4.6055555555555561,57.602777777777781
Croatia,Europe,2010,18,4.2166666666666668,10.334444444444443
Rwanda,Africa,2020,18,4.4388888888888882,10.46777777777778
Fiji,Oceania,1920,18,6.3527777777777779,49.444444444444443
Costa Rica,Americas,1950,18,5.9605555555555556,29.616666666666667
Papua New Guinea,Oceania,1940,18,6.5955555555555554,41.411111111111111
Italy,Europe,1940,18,5.3238888888888889,13.333333333333334
Nepal,Asia,1960,18,5.5494444444444451,17.68888888888889
Ethiopia,Africa,1960,18,5.5922222222222224,15.2
Saudi Arabia,Asia,1980,18,4.6333333333333329,10.0
Tajikistan,Asia,1950,18,5.6472222222222221,23.883333333333333
Lebanon,Asia,1990,17,3.835294117647059,9.76470588235294
Belgium,Europe,1980,17,3.5117647058823533,11.617647058823531
Grenada,Americas,1980,17,4.117647058823529,71.9470588235294
Netherlands,Europe,1990,17,3.4235294117647057,9.7058823529411757
Zambia,Africa,2000,17,4.329411764705883,11.170588235294117
United Kingdom,Europe,2010,17,3.7823529411764705,8.5541176470588223
Armenia,Asia,2020,17,4.3470588235294105,9.6587647058823531
Canada,Americas,1930,17,6.01,14.117647058823529
New Zealand,Oceania,1920,17,6.2182352941176484,19.411764705882348
Hungary,Europe,2000,17,3.6764705882352939,9.1235294117647054
Norway,Europe,2010,17,4.2470588235294118,10.45235294117647
Saint Helena,Africa,1970,17,4.9352941176470591,31.647058823529413
Libya,Africa,2020,16,4.2125,10.6045625
Libya,Africa,1990,16,4.1312499999999988,17.1875
Laos,Asia,2010,16,4.6125000000000007,12.0475
Eritrea,Africa,1990,16,4.4312499999999995,13.825000000000001
Ireland,Europe,2020,16,4.49375,63.906375
Canada,Americas,1960,16,5.62375,16.94375
Federated States of Micronesia,Oceania,1980,16,5.0249999999999995,28.75
Mexico,Americas,1900,16,7.135625,16.25
Northern Cyprus,Asia,2000,16,3.38125,34.1875
Zimbabwe,Africa,1980,16,4.175,22.625
Bhutan,Asia,2010,16,4.26875,29.673124999999995
Malawi,Africa,1990,16,4.625,24.81875
Vietnam,Asia,2000,15,4.4733333333333336,17.566666666666666
Falkland Islands,Americas,2010,15,4.7666666666666666,11.207999999999998
Tunisia,Africa,1980,15,4.4266666666666667,15.413333333333336
Jamaica,Americas,2020,15,4.2733333333333334,10.243733333333331
Oman,Asia,2000,15,4.42,14.666666666666666
Oman,Asia,2020,15,4.4666666666666668,10.0
Barbados,Americas,1980,15,4.379999999999999,30.9
Puerto Rico,Americas,1970,15,4.5333333333333332,53.066666666666663
French Polynesia,Oceania,1990,15,5.2466666666666661,0.0
United States of America,Americas,1810,15,5.7733333333333334,0.0
Vietnam,Asia,1980,15,4.6333333333333329,24.413333333333334
Canada,Americas,1940,15,6.1706666666666665,12.733333333333334
Uganda,Africa,2000,15,4.5666666666666664,12.853333333333333
Mozambique,Africa,1970,15,4.5600000000000005,31.333333333333336
Greece,Europe,1900,15,5.8426666666666671,20.666666666666668
Venezuela,Americas,1960,15,5.5806666666666667,43.186666666666667
India,Asia,1920,15,5.7739999999999991,24.666666666666664
Trinidad and Tobago,Americas,2020,14,4.5571428571428569,32.212071428571427
Montserrat,Americas,2000,14,3.6642857142857146,78.007142857142867
Laos,Asia,2020,14,4.6857142857142859,10.424999999999999
Djibouti,Africa,2020,14,4.4857142857142858,10.204142857142857
United States of America,Americas,1720,14,4.3571428571428577,0.0
Northern Mariana Islands,Oceania,1960,14,5.9042857142857139,144.85714285714286
Guam,Oceania,1930,14,6.0042857142857153,30.714285714285712
Kyrgyzstan,Asia,1940,14,5.9707142857142852,17.142857142857142
Guatemala,Americas,1930,14,6.2578571428571435,23.928571428571431
Belgium,Europe,1990,14,3.6928571428571426,11.807142857142855
Syria,Asia,2000,14,4.1357142857142852,17.035714285714285
Bangladesh,Asia,2020,14,4.5071428571428571,21.194428571428571
Switzerland,Europe,1970,14,3.8571428571428568,23.642857142857139
Saint Kitts and Nevis,Americas,2010,14,4.1142857142857139,95.783571428571435
Vietnam,Asia,1990,13,4.1923076923076916,27.692307692307693
Saint Vincent and the Grenadines,Americas,1990,13,3.6076923076923082,82.023076923076928
Haiti,Americas,1990,13,4.4846153846153847,23.500000000000004
Thailand,Asia,2000,13,4.3538461538461535,17.415384615384614
Falkland Islands,Americas,2020,13,4.6461538461538456,10.053846153846154
Laos,Asia,1980,13,4.7384615384615385,24.976923076923079
Haiti,Americas,2000,13,4.2692307692307692,31.869230769230771
Ireland,Europe,1980,13,4.6230769230769244,63.253846153846155
Rwanda,Africa,2000,13,4.569230769230769,9.4923076923076923
French Polynesia,Oceania,1970,13,5.2615384615384624,2.5384615384615374
Guatemala,Americas,1920,13,6.0684615384615386,25.384615384615383
United States of America,Americas,1840,13,5.1230769230769235,0.0
Pakistan,Asia,1950,13,5.7938461538461539,19.23076923076923
Chile,Americas,1910,13,6.9876923076923081,28.076923076923077
Slovenia,Europe,1970,13,3.8076923076923075,16.384615384615383
North Korea,Asia,2010,13,4.7307692307692317,172.13615384615383
Thailand,Asia,1980,13,4.5846153846153852,24.753846153846155
Canada,Americas,1950,13,6.2053846153846148,14.615384615384615
Mongolia,Asia,1950,13,6.1561538461538463,16.923076923076927
Sweden,Europe,1980,13,3.6769230769230767,13.538461538461538
Malaysia,Asia,2000,13,4.592307692307692,41.2
Vietnam,Asia,2010,13,4.3923076923076927,13.540769230769232
Afghanistan,Asia,1930,13,5.5769230769230775,18.46153846153846
Tonga,Oceania,1910,13,7.0046153846153842,98.07692307692308
New Zealand,Oceania,1910,13,6.6815384615384614,38.07692307692308
Fiji,Oceania,1930,13,6.2661538461538466,68.846153846153854
Kosovo,Europe,1980,12,3.7083333333333335,10.458333333333332
Somaliland,Africa,1980,12,4.6000000000000005,11.333333333333334
South Korea,Asia,2010,12,4.7083333333333339,9.7700000000000014
Zambia,Africa,2020,12,4.4833333333333334,10.000583333333333
Botswana,Africa,2010,12,4.8083333333333336,13.370833333333334
Ethiopia,Africa,1970,12,4.7683333333333344,31.75
Malaysia,Asia,1970,12,5.1833333333333327,33.25
Albania,Europe,1950,12,5.4541666666666666,18.75
Eritrea,Africa,1980,12,4.708333333333333,11.916666666666668
Costa Rica,Americas,1930,12,6.2358333333333338,20.416666666666668
Poland,Europe,1970,12,3.925,11.916666666666668
Saint Lucia,Americas,2010,12,4.1083333333333334,42.322499999999991
Ireland,Europe,1990,12,4.3083333333333345,74.600000000000009
Georgia,Asia,1970,12,4.7466666666666661,23.0
Ukraine,Europe,1920,12,5.7408333333333328,15.0
Myanmar,Asia,1940,12,6.135,28.941666666666663
Malaysia,Asia,1990,12,4.7833333333333332,32.75833333333334
Guinea,Africa,1900,12,7.0175,19.583333333333336
Italy,Europe,1900,12,5.5433333333333339,15.0
Italy,Europe,1950,12,5.3316666666666661,14.166666666666668
Albania,Europe,1930,12,5.535,13.333333333333334
Costa Rica,Americas,1940,12,6.295,22.916666666666668
Pakistan,Asia,1920,12,5.8591666666666669,18.333333333333332
Peru,Americas,1930,12,6.1883333333333326,25.833333333333332
Dominican Republic,Americas,1940,12,6.4500000000000011,15.0
Tunisia,Africa,2010,11,4.463636363636363,11.496363636363636
Norway,Europe,1970,11,4.6181818181818182,26.727272727272727
Egypt,Africa,2020,11,4.2545454545454549,11.502818181818181
Palau,Oceania,1980,11,5.0181818181818185,32.209090909090904
Jordan,Asia,1990,11,3.7909090909090906,10.063636363636364
Malawi,Africa,2020,11,4.4363636363636365,10.0
Cayman Islands,Americas,1980,11,4.6727272727272728,12.09090909090909
Gabon,Africa,2020,11,4.7363636363636363,9.8181818181818183
Turkmenistan,Asia,1970,11,4.7109090909090918,30.90909090909091
Republic of Serbia,Europe,1970,11,4.3627272727272732,21.0
Albania,Europe,1960,11,5.55,16.554545454545455
Brazil,Americas,1960,11,5.96,397.0181818181818
Cayman Islands,Americas,1990,11,4.8,15.636363636363637
New Caledonia,Oceania,1960,11,6.09,26.363636363636363
Canada,Americas,1920,11,6.33,14.545454545454545
New Caledonia,Oceania,1940,11,6.4545454545454541,25.454545454545453
Solomon Islands,Oceania,1910,11,6.6981818181818182,24.09090909090909
Israel,Asia,1990,11,3.7818181818181822,12.472727272727273
Libya,Africa,2010,11,4.3818181818181818,12.313636363636364
Bangladesh,Asia,1980,11,4.872727272727273,29.318181818181817
Kyrgyzstan,Asia,1960,11,5.4354545454545455,16.927272727272729
Chile,Americas,1900,11,6.9154545454545451,24.545454545454547
Algeria,Africa,1950,11,5.5400000000000009,15.909090909090908
Gibraltar,Europe,1990,11,3.4272727272727272,22.345454545454544
Portugal,Europe,1930,11,5.580909090909091,12.727272727272727
Namibia,Africa,2010,11,4.4727272727272727,10.324545454545456
British Virgin Islands,Americas,2000,10,3.4200000000000004,62.199999999999996
Ukraine,Europe,1990,10,3.8800000000000003,29.96
Northern Cyprus,Asia,1990,10,3.5100000000000002,27.66
North Macedonia,Europe,2020,10,4.32,10.0
Cayman Islands,Americas,1970,10,4.72,33.599999999999994
Tunisia,Africa,1970,10,4.664,26.000000000000004
Republic of Serbia,Europe,2010,10,4.3400000000000007,5.934
Grenada,Americas,1970,10,4.52,103.39999999999999
Falkland Islands,Americas,2000,10,4.81,15.83
Democratic Republic of the Congo,Africa,1960,10,5.827,18.709999999999997
Myanmar,Asia,1920,10,6.1370000000000005,24.0
Panama,Americas,1940,10,6.196,17.19
Costa Rica,Americas,1960,10,5.665,27.180000000000003
United States of America,Americas,1820,10,4.71,0.0
Sudan,Africa,1970,10,4.43,26.699999999999996
East Timor,Asia,1980,10,4.4700000000000006,66.22999999999999
Portugal,Europe,1960,10,5.989,19.1
Thailand,Asia,1990,10,4.19,26.9
Eritrea,Africa,1970,10,4.8800000000000008,24.2
Colombia,Americas,1930,10,5.957,16.000000000000004
Panama,Americas,1920,10,6.2139999999999995,14.0
Libya,Africa,1930,10,5.766,14.5
New Caledonia,Oceania,1930,10,6.042,28.0
Barbados,Americas,2020,10,4.6,31.961600000000004
United States of America,Americas,1830,9,5.3222222222222229,0.0
North Macedonia,Europe,1970,9,3.5,17.333333333333332
United Arab Emirates,Asia,2000,9,4.21111111111111,13.177777777777777
Morocco,Africa,1970,9,4.3711111111111105,24.777777777777779
Anguilla,Americas,1970,9,4.7555555555555546,45.777777777777779
Eritrea,Africa,2000,9,4.21111111111111,10.0
Ecuador,Americas,1920,9,5.8611111111111116,12.333333333333334
Italy,Europe,1960,9,5.7011111111111106,15.81111111111111
Nicaragua,Americas,1960,9,5.8777777777777773,88.955555555555563
Portugal,Europe,1920,9,5.51,12.777777777777779
Colombia,Americas,1920,9,6.2144444444444442,18.888888888888889
Puerto Rico,Americas,1910,9,6.1633333333333331,16.111111111111111
Northern Mariana Islands,Oceania,1940,9,6.2744444444444447,27.411111111111111
Costa Rica,Americas,1920,9,6.2222222222222223,19.444444444444443
Kyrgyzstan,Asia,1930,9,5.6888888888888891,14.444444444444445
Vanuatu,Oceania,1900,9,6.8544444444444448,15.0
Bulgaria,Europe,1920,9,5.8544444444444448,13.888888888888889
Armenia,Asia,2000,9,3.6999999999999997,8.5555555555555554
Malawi,Africa,1970,9,4.6111111111111107,30.444444444444443
Mauritania,Africa,2000,9,4.0333333333333332,10.0
Norway,Europe,2020,9,4.4222222222222216,9.745
Oman,Asia,1990,9,4.6000000000000005,17.666666666666668
Dominica,Americas,2020,9,4.3777777777777773,135.31044444444444
Iran,Asia,1910,9,5.865555555555555,15.0
Alaska,Americas,1890,9,7.3577777777777778,0.0
Solomon Islands,Oceania,1940,9,6.5277777777777777,28.411111111111111
Austria,Europe,2010,9,3.9222222222222225,8.620000000000001
Saudi Arabia,Asia,1970,9,4.71111111111111,30.555555555555557
Guatemala,Americas,1940,9,6.3322222222222226,33.388888888888886
Nicaragua,Americas,1930,9,6.1944444444444446,22.222222222222221
South Korea,Asia,1990,9,4.4777777777777779,29.566666666666666
Malta,Europe,2000,8,3.5375,19.525
South Korea,Asia,2000,8,4.3374999999999995,148.13750000000002
Kosovo,Europe,2010,8,4.1625,7.995
South Korea,Asia,1980,8,4.5249999999999995,156.425
Laos,Asia,1990,8,4.4125,26.8
Jordan,Asia,2000,8,4.3,11.575000000000001
Armenia,Asia,1990,8,4.4,19.35
Ukraine,Europe,2000,8,3.9250000000000003,23.599999999999998
Zimbabwe,Africa,2020,8,4.5,10.3005
Laos,Asia,1970,8,4.725,36.125
Malaysia,Asia,1980,8,4.8000000000000007,43.662499999999994
El Salvador,Americas,1930,8,6.1187499999999995,22.5
Palau,Oceania,1930,8,5.9375,14.375
Mongolia,Asia,1930,8,5.88375,13.75
Israel,Asia,1980,8,3.8625,19.25
Iraq,Asia,1970,8,4.34,34.375000000000007
Comoros,Africa,2010,8,4.75,11.247499999999999
South Korea,Asia,2020,8,3.95,11.140875000000001
Madagascar,Africa,2010,8,4.775,10.85
Mauritius,Africa,1970,8,5.2375,27.25
El Salvador,Americas,1920,8,6.3325,18.75
Wallis and Futuna,Oceania,1920,8,6.22875,17.5
Papua New Guinea,Oceania,1910,8,6.695,25.0
China,Asia,1900,8,6.9875000000000007,16.875
Turkmenistan,Asia,1920,8,5.76,16.875
Tonga,Oceania,1900,8,7.14875,68.125
Slovenia,Europe,2010,8,4.0749999999999993,5.825
Turkey,Asia,1900,8,5.9075,14.375
Taiwan,Asia,1900,8,6.68875,16.25
Germany,Europe,2010,8,3.6,11.46875
Siachen Glacier,Asia,2010,8,4.3500000000000005,54.2775
Madagascar,Africa,2020,8,4.6374999999999993,10.83
Belgium,Europe,2000,8,3.5375,7.0
British Virgin Islands,Americas,2010,8,3.29125,66.0875
Denmark,Europe,1990,7,3.6285714285714286,10.0
Saint Kitts and Nevis,Americas,2020,7,4.1,86.674142857142854
Switzerland,Europe,2010,7,3.9142857142857141,8.9642857142857153
Bulgaria,Europe,2020,7,4.1428571428571423,9.4197142857142868
Austria,Europe,2020,7,3.8714285714285714,6.1061428571428573
Montenegro,Europe,2020,7,4.4857142857142858,11.935714285714287
Syria,Asia,1980,7,4.3571428571428568,23.657142857142858
Kenya,Africa,1990,7,4.5714285714285721,13.285714285714285
French Southern and Antarctic Lands,Africa,2010,7,4.6142857142857139,13.391428571428571
Palau,Oceania,1970,7,5.1499999999999995,48.471428571428568
Turkmenistan,Asia,1960,7,5.2114285714285709,24.714285714285715
Armenia,Asia,1930,7,5.4314285714285706,15.0
New Caledonia,Oceania,1950,7,5.9957142857142856,20.571428571428573
Iceland,Europe,1950,7,5.3628571428571421,15.0
Yemen,Asia,1940,7,5.8071428571428569,15.0
Albania,Europe,1920,7,5.7414285714285711,15.0
India,Asia,1910,7,6.1614285714285719,24.285714285714285
Tunisia,Africa,2020,7,4.4285714285714288,10.0
Cyprus,Asia,1970,7,4.4285714285714288,35.714285714285715
North Korea,Asia,1990,7,4.5571428571428569,329.68571428571431
Ukraine,Europe,1980,7,4.1,27.014285714285712
Guyana,Americas,2020,7,4.5428571428571427,10.282857142857143
Cuba,Americas,1970,7,4.9714285714285706,31.142857142857142
Algeria,Africa,1960,7,5.2628571428571425,15.214285714285715
Guatemala,Americas,1960,7,5.6471428571428568,53.142857142857153
Portugal,Europe,1940,7,5.6771428571428579,15.0
Canada,Americas,1910,7,6.22,12.857142857142858
Colombia,Americas,1950,7,6.0442857142857154,24.3
Peru,Americas,1910,7,6.75,32.142857142857146
Kenya,Africa,2010,7,4.4285714285714279,10.0
Kuwait,Asia,2010,7,4.2142857142857144,12.717142857142857
Georgia,Asia,1950,7,5.4642857142857144,12.857142857142858
Gibraltar,Europe,2000,7,3.7,4.5714285714285721
Bhutan,Asia,2020,7,4.2428571428571429,10.0
Iceland,Europe,1920,7,5.7614285714285716,10.0
Spain,Europe,1950,7,5.7428571428571429,102.31428571428572
Colombia,Americas,1910,7,6.3657142857142857,25.714285714285715
Venezuela,Americas,1950,7,6.2285714285714286,18.071428571428569
Afghanistan,Asia,1900,7,6.9857142857142858,180.0
Hungary,Europe,1990,7,3.6285714285714281,11.842857142857142
North Korea,Asia,2000,7,4.4857142857142858,245.32857142857145
Namibia,Africa,2020,7,4.6857142857142859,9.428571428571427
Kyrgyzstan,Asia,1920,7,5.88,17.857142857142858
Azerbaijan,Asia,1960,7,5.3257142857142856,44.1
Nepal,Asia,1930,7,6.2028571428571428,15.0
New Caledonia,Oceania,1920,7,6.5542857142857152,21.428571428571427
Fiji,Oceania,1940,7,6.5942857142857143,193.24285714285716
Sweden,Europe,2010,7,4.0,14.491428571428571
Saint Lucia,Americas,1980,6,3.7833333333333337,30.43333333333333
Burundi,Africa,2010,6,4.3833333333333337,10.255
North Korea,Asia,1970,6,5.2666666666666675,465.83333333333331
Hungary,Europe,1970,6,4.0,10.0
Comoros,Africa,2000,6,4.6333333333333329,8.8500000000000014
Uganda,Africa,1980,6,4.75,9.1666666666666661
Ukraine,Europe,2010,6,4.4166666666666661,9.895
Yemen,Asia,1920,6,5.7749999999999995,15.0
Iceland,Europe,1940,6,5.4516666666666671,15.0
Madagascar,Africa,1990,6,4.7,17.416666666666668
Ethiopia,Africa,1930,6,6.0666666666666673,14.166666666666666
Mozambique,Africa,1950,6,6.0283333333333333,16.666666666666668
Yemen,Asia,1950,6,5.8183333333333334,15.0
Mongolia,Asia,1900,6,7.2216666666666667,11.666666666666666
Northern Mariana Islands,Oceania,1930,6,6.4033333333333333,26.666666666666668
Libya,Africa,1970,6,4.5333333333333332,31.333333333333332
Republic of Serbia,Europe,2020,6,3.9000000000000004,10.909333333333333
Haiti,Americas,1980,6,4.5500000000000007,27.016666666666666
Burundi,Africa,2020,6,4.583333333333333,10.161666666666667
Albania,Europe,1910,6,5.581666666666667,12.5
Portugal,Europe,1950,6,5.485,15.0
Samoa,Oceania,1950,6,6.038333333333334,20.833333333333332
Australia,Oceania,1920,6,5.9666666666666668,21.666666666666668
Guatemala,Americas,1910,6,6.455,20.833333333333332
Argentina,Americas,1920,6,6.2666666666666666,13.333333333333334
United Kingdom,Europe,2020,6,3.5166666666666666,10.039
Lebanon,Asia,2010,6,3.6499999999999995,16.706666666666667
Zimbabwe,Africa,2000,6,4.3333333333333339,10.183333333333334
Trinidad and Tobago,Americas,1970,6,4.5166666666666666,51.0
Panama,Americas,1910,6,6.3016666666666667,17.5
Malta,Europe,1990,6,4.3,12.15
South Sudan,Africa,2020,6,4.5,10.0
Antarctica,Antarctica,1990,6,4.3166666666666664,10.0
Kazakhstan,Asia,1960,6,5.295,13.083333333333332
Kyrgyzstan,Asia,1950,6,5.5483333333333338,18.333333333333332
Switzerland,Europe,2020,6,3.7833333333333332,7.1328333333333331
Sweden,Europe,2000,6,3.4666666666666668,9.5166666666666657
Kazakhstan,Asia,1920,6,5.876666666666666,15.0
Pakistan,Asia,1910,6,6.0116666666666667,25.0
Brazil,Americas,1970,6,5.465,409.63333333333333
Ecuador,Americas,1930,6,6.2183333333333328,14.166666666666666
Sudan,Africa,2020,6,4.3166666666666673,10.0
Slovakia,Europe,1980,5,3.58,11.22
Slovakia,Europe,2000,5,3.52,7.5
United States of America,Americas,1800,5,4.6,0.0
Armenia,Asia,2010,5,4.14,9.342
Madagascar,Africa,1980,5,4.88,19.2
Canada,Americas,1660,5,5.4,0.0
Bangladesh,Asia,1960,5,5.52,37.6
Dominican Republic,Americas,1960,5,5.946,52.08
Afghanistan,Asia,1940,5,6.216,61.739999999999995
Algeria,Africa,1940,5,5.616,15.0
Uzbekistan,Asia,1930,5,5.8379999999999992,15.0
Wallis and Futuna,Oceania,1960,5,6.1960000000000006,109.16000000000001
Tajikistan,Asia,1900,5,6.746,75.0
India,Asia,1900,5,6.734,25.0
Palestine,Asia,2000,5,4.0,6.4
Cyprus No Mans Area,Asia,2000,5,3.24,37.019999999999996
Hungary,Europe,2020,5,3.64,9.5034
Saint Vincent and the Grenadines,Americas,2010,5,4.2,85.598
Haiti,Americas,1970,5,4.7,29.8
Jordan,Asia,1980,5,4.52,13.58
Grenada,Americas,2020,5,4.42,126.5992
Federated States of Micronesia,Oceania,1970,5,5.12,35.8
Bangladesh,Asia,1970,5,4.9979999999999993,30.7
Bhutan,Asia,1980,5,4.9399999999999995,36.36
Uganda,Africa,1960,5,5.336,16.56
Iceland,Europe,1910,5,6.154,13.0
Argentina,Americas,1930,5,6.1240000000000006,14.0
Canada,Americas,1900,5,5.3439999999999994,6.0
Spain,Europe,1910,5,5.6739999999999995,15.0
United States Virgin Islands,Americas,2010,5,3.2159999999999997,98.3
Siachen Glacier,Asia,1990,5,3.84,40.86
Angola,Africa,2010,5,4.32,12.012
Oman,Asia,1980,5,4.8599999999999994,16.58
Azerbaijan,Asia,1950,5,5.442,23.0
Greenland,Americas,1930,5,5.514,15.0
Algeria,Africa,1920,5,5.598,14.0
Samoa,Oceania,1940,5,6.0159999999999991,12.0
El Salvador,Americas,1910,5,6.732,20.0
Tajikistan,Asia,1920,5,6.0440000000000005,16.0
Nepal,Asia,1910,5,6.28,16.0
Northern Mariana Islands,Oceania,1950,5,6.266,158.82
Costa Rica,Americas,1910,5,6.5139999999999993,15.0
Spain,Europe,1920,5,5.182,13.0
Angola,Africa,2020,5,4.4399999999999995,10.0
Cuba,Americas,1980,5,4.86,33.72
Iceland,Europe,1930,5,5.8020000000000005,13.0
Albania,Europe,1940,5,5.566,15.0
Siachen Glacier,Asia,2000,5,3.98,28.400000000000002
Israel,Asia,2020,5,4.0600000000000005,10.0
Thailand,Asia,2020,5,4.2,9.2829999999999977
Kiribati,Oceania,1970,5,4.68,33.0
French Polynesia,Oceania,2010,5,4.5200000000000005,12.931999999999999
Jamaica,Americas,1970,5,4.6999999999999993,28.4
Kenya,Africa,2020,5,4.6400000000000006,9.9195999999999991
Bosnia and Herzegovina,Europe,1960,5,5.6899999999999995,14.0
El Salvador,Americas,1950,5,5.934,40.64
Grenada,Americas,2010,5,4.52,63.364
North Korea,Asia,2020,5,4.28,463.78460000000007
Bosnia and Herzegovina,Europe,1950,5,5.18,15.0
North Macedonia,Europe,1920,5,5.846,15.0
Nicaragua,Americas,1920,5,6.576,30.0
Hungary,Europe,2010,5,4.26,8.46
Dominican Republic,Americas,1910,5,6.54,36.0
Malaysia,Asia,2020,5,4.62,379.3852
Somaliland,Africa,1930,5,5.762,15.0
Akrotiri Sovereign Base Area,Asia,1990,4,3.675,13.775000000000002
Ukraine,Europe,1970,4,4.275,23.25
United States of America,Americas,1790,4,3.7750000000000004,0.0
Kuwait,Asia,2020,4,4.425,10.0
Ukraine,Europe,2020,4,4.5,14.779999999999998
Albania,Europe,1900,4,5.7125,15.0
Canada,Americas,1860,4,5.5249999999999995,17.5
Dominican Republic,Americas,1950,4,5.8725,16.675
Kazakhstan,Asia,1930,4,5.5924999999999994,15.0
Morocco,Africa,1920,4,5.6125,15.0
Mauritius,Africa,1950,4,6.09,15.0
Wallis and Futuna,Oceania,1950,4,6.4875,118.525
Georgia,Asia,1920,4,5.5299999999999994,15.0
Nicaragua,Americas,1900,4,6.9399999999999995,21.25
Venezuela,Americas,1940,4,6.235,20.0
Ecuador,Americas,1900,4,7.365,11.25
Costa Rica,Americas,1900,4,6.7525,11.25
Antarctica,Antarctica,2020,4,4.275,10.34
Gibraltar,Europe,2020,4,4.65,11.0725
Dominica,Americas,1970,4,4.6999999999999993,77.5
Central African Republic,Africa,2000,4,4.35,10.0
Kiribati,Oceania,2020,4,4.6750000000000007,10.0
Burundi,Africa,2000,4,4.6750000000000007,10.0
North Korea,Asia,1980,4,4.75,32.25
Zambia,Africa,1960,4,5.575,16.75
Angola,Africa,2000,4,4.55,17.05
Iraq,Asia,1930,4,5.4475,15.0
Uzbekistan,Asia,1960,4,5.27,14.825
Turkmenistan,Asia,1950,4,5.6125000000000007,20.0
Iran,Asia,1900,4,6.2275,15.0
Yemen,Asia,1930,4,5.665,15.0
Samoa,Oceania,1960,4,5.8325,24.6
Republic of Serbia,Europe,1920,4,5.6825,15.0
Ireland,Europe,1970,4,5.7075000000000005,46.724999999999994
Argentina,Americas,1940,4,6.71,18.75
Canada,Americas,1870,4,5.025,2.5
Kuwait,Asia,2000,4,4.1999999999999993,13.625
Guyana,Americas,2000,4,4.1,22.625
Israel,Asia,2010,4,4.075,14.0
Bhutan,Asia,1960,4,5.4475,17.799999999999997
Iraq,Asia,1960,4,5.21,13.75
Austria,Europe,1930,4,5.425,13.75
Samoa,Oceania,1920,4,6.0625,11.25
Iraq,Asia,1940,4,5.6225000000000005,15.0
Democratic Republic of the Congo,Africa,1950,4,5.7900000000000009,22.5
Argentina,Americas,1910,4,6.7975,166.25
Myanmar,Asia,1900,4,6.8925,20.0
Fiji,Oceania,1910,4,7.0375000000000005,362.5
Denmark,Europe,2000,4,3.25,13.0
Malta,Europe,2010,4,3.75,15.0275
Kenya,Africa,1980,4,4.225,10.0
Namibia,Africa,2000,4,4.4499999999999993,10.0
Antigua and Barbuda,Americas,1960,4,5.9975,34.85
Azerbaijan,Asia,1930,4,5.415,25.0
Djibouti,Africa,1960,4,5.9425000000000008,16.25
Bulgaria,Europe,1900,4,6.5175,15.0
Argentina,Americas,1950,4,6.6674999999999995,168.75
Cabo Verde,Africa,2010,4,4.725,11.905
Georgia,Asia,1960,4,5.7,17.5
Solomon Islands,Oceania,1900,4,7.0575,16.25
Armenia,Asia,1970,4,4.65,10.75
Ethiopia,Africa,1950,4,5.7799999999999994,15.0
Egypt,Africa,1970,4,5.075,20.75
Georgia,Asia,1930,4,5.3675,13.75
Venezuela,Americas,1930,4,6.1724999999999994,36.25
Uzbekistan,Asia,1940,4,6.09,18.75
South Sudan,Africa,2000,4,4.375,10.0
Liechtenstein,Europe,1990,4,3.225,8.3
Lebanon,Asia,1980,4,3.6750000000000003,15.75
United States of America,Americas,1730,4,4.1499999999999995,0.0
Bolivia,Americas,1950,4,6.6025,74.375
Bhutan,Asia,1990,4,4.7,37.65
Algeria,Africa,1930,4,5.2825,15.0
Guam,Oceania,1950,4,5.8725000000000005,28.75
Bermuda,Americas,2010,4,4.425,11.345
Netherlands,Europe,1980,3,3.2666666666666666,10.433333333333334
Comoros,Africa,1990,3,4.5666666666666664,10.0
Pitcairn Islands,Oceania,2000,3,4.5666666666666664,10.0
Uganda,Africa,1970,3,5.07,27.666666666666668
Burundi,Africa,1990,3,4.833333333333333,13.733333333333333
Austria,Europe,1950,3,5.1633333333333331,15.0
Greenland,Americas,1950,3,5.3966666666666665,15.0
Austria,Europe,1920,3,5.4333333333333336,15.0
Turkmenistan,Asia,1940,3,6.6133333333333333,22.633333333333333
Eritrea,Africa,1910,3,6.0066666666666668,10.0
Bosnia and Herzegovina,Europe,1920,3,5.85,15.0
Mauritius,Africa,1930,3,6.0966666666666667,11.666666666666666
Haiti,Americas,1950,3,6.1366666666666667,38.333333333333336
Laos,Asia,1930,3,6.1866666666666665,28.333333333333336
Guam,Oceania,1910,3,6.5933333333333337,15.0
Germany,Europe,2020,3,3.6333333333333333,10.0
United States of America,Americas,1770,3,4.166666666666667,0.0
Syria,Asia,2010,3,4.2333333333333334,10.0
United Kingdom,Europe,1970,3,4.3666666666666671,17.666666666666668
North Macedonia,Europe,1960,3,5.6533333333333333,13.333333333333334
Croatia,Europe,1940,3,5.3233333333333333,13.333333333333334
Bolivia,Americas,1960,3,6.1366666666666667,225.53333333333336
Bhutan,Asia,1940,3,5.8999999999999995,15.0
Germany,Europe,1950,3,5.39,13.333333333333334
Honduras,Americas,1960,3,5.48,15.0
Montenegro,Europe,1900,3,5.79,15.0
Croatia,Europe,1950,3,5.3599999999999994,15.0
Turkmenistan,Asia,1930,3,5.8266666666666662,15.0
Samoa,Oceania,1910,3,6.16,15.0
Honduras,Americas,1930,3,6.0966666666666667,16.666666666666668
Romania,Europe,1940,3,7.0233333333333334,121.96666666666667
Ghana,Africa,1980,3,3.3333333333333335,10.0
Montserrat,Americas,2010,3,3.9666666666666663,105.59666666666666
Botswana,Africa,1990,3,4.1,17.666666666666664
Republic of the Congo,Africa,2000,3,4.0,10.0
Rwanda,Africa,2010,3,4.6000000000000005,10.0
Bermuda,Americas,1990,3,4.333333333333333,10.0
France,Europe,1950,3,5.3100000000000005,15.0
Oman,Asia,1970,3,5.1233333333333331,29.333333333333332
Paraguay,Americas,1980,3,5.5666666666666664,208.93333333333337
El Salvador,Americas,1960,3,5.8333333333333339,50.333333333333336
Mauritius,Africa,1940,3,6.07,15.0
Honduras,Americas,1950,3,5.9366666666666665,21.766666666666666
Croatia,Europe,1910,3,5.8133333333333335,15.0
Ethiopia,Africa,1920,3,5.9433333333333334,15.0
Peru,Americas,1900,3,6.7733333333333334,65.0
Romania,Europe,1930,3,5.78,43.333333333333336
Iceland,Europe,1960,3,6.2366666666666664,11.666666666666666
Tajikistan,Asia,1910,3,6.5166666666666666,16.666666666666668
Guatemala,Americas,1900,3,6.75,3.3333333333333335
Myanmar,Asia,1910,3,6.8066666666666666,15.0
Lebanon,Asia,2020,3,3.9333333333333331,6.6666666666666661
Norway,Europe,1930,3,5.37,15.0
Montenegro,Europe,1960,3,5.3933333333333335,15.0
Wallis and Futuna,Oceania,1910,3,6.3566666666666665,15.0
Nicaragua,Americas,1940,3,6.2166666666666668,50.0
Mongolia,Asia,1920,3,6.3833333333333329,11.666666666666666
Denmark,Europe,1980,3,3.5666666666666664,8.3333333333333339
Croatia,Europe,1900,3,5.6566666666666663,15.0
Croatia,Europe,1930,3,5.3033333333333337,13.333333333333334
North Macedonia,Europe,1950,3,5.2233333333333327,16.666666666666668
Puerto Rico,Americas,1940,3,6.4666666666666668,15.0
Colombia,Americas,1940,3,6.2133333333333338,15.0
Panama,Americas,1900,3,6.8266666666666671,11.666666666666666
Papua New Guinea,Oceania,1900,3,7.4133333333333331,35.0
Maldives,Asia,2010,3,4.6333333333333337,10.0
South Korea,Asia,1970,3,5.333333333333333,208.66666666666669
France,Europe,1930,3,5.2700000000000005,13.333333333333334
Nepal,Asia,1950,3,5.833333333333333,13.333333333333334
Greenland,Americas,1940,3,5.76,15.0
Bolivia,Americas,1920,3,5.6633333333333331,15.0
Ecuador,Americas,1910,3,6.5,15.0
Akrotiri Sovereign Base Area,Asia,2000,3,3.166666666666667,22.333333333333332
Madagascar,Africa,1970,3,5.1333333333333337,33.0
Croatia,Europe,1960,3,6.0200000000000005,15.0
Kazakhstan,Asia,1940,3,5.76,15.0
Ireland,Europe,1930,3,5.9133333333333331,35.0
Netherlands,Europe,2010,3,3.333333333333333,7.666666666666667
Cyprus,Asia,1930,3,5.4233333333333329,15.0
Ethiopia,Africa,1940,3,5.9433333333333334,13.333333333333334
Czechia,Europe,2010,3,3.6666666666666665,7.333333333333333
Botswana,Africa,2000,3,4.1,11.0
Kenya,Africa,2000,3,4.7,10.0
Morocco,Africa,1960,3,5.3999999999999995,13.333333333333334
North Macedonia,Europe,1900,3,5.5100000000000007,13.333333333333334
Venezuela,Americas,1920,3,6.31,73.333333333333329
Afghanistan,Asia,1910,3,6.8533333333333335,56.666666666666671
Slovakia,Europe,1990,3,3.5,7.666666666666667
Falkland Islands,Americas,1990,3,4.7666666666666666,13.733333333333333
Namibia,Africa,1990,3,4.3333333333333339,10.0
Cabo Verde,Africa,1990,3,5.4,10.666666666666666
Morocco,Africa,1930,3,5.3633333333333342,15.0
Antigua and Barbuda,Americas,1920,3,5.916666666666667,15.0
Jamaica,Americas,1980,3,4.7666666666666666,14.6
Romania,Europe,1950,3,5.1833333333333336,15.0
Greenland,Americas,1920,3,5.3633333333333333,10.0
Jamaica,Americas,1900,3,6.24,16.666666666666668
Falkland Islands,Americas,1980,3,5.4,10.0
Armenia,Asia,1960,3,5.33,13.333333333333334
North Korea,Asia,1950,3,6.1333333333333329,205.56666666666666
Slovakia,Europe,2020,2,4.15,8.231
Jersey,Europe,2010,2,3.8,7.2
Denmark,Europe,2010,2,4.1,10.0
South Sudan,Africa,1980,2,4.6999999999999993,10.0
Angola,Africa,1980,2,4.75,10.0
French Polynesia,Oceania,2000,2,4.2,21.5
French Polynesia,Oceania,2020,2,4.6,10.0
Maldives,Asia,2020,2,4.55,10.0
Northern Cyprus,Asia,1980,2,4.55,46.05
Eritrea,Africa,1960,2,5.4350000000000005,15.0
Cabo Verde,Africa,1930,2,5.915,15.0
Mozambique,Africa,1940,2,6.26,15.0
United Republic of Tanzania,Africa,1950,2,6.0500000000000007,17.5
Yemen,Asia,1960,2,5.98,15.100000000000001
North Macedonia,Europe,1930,2,6.405,12.5
Finland,Europe,1980,2,3.4,10.0
Botswana,Africa,1980,2,4.0,10.0
Zimbabwe,Africa,1990,2,4.0500000000000007,10.0
Barbados,Americas,1970,2,4.55,33.0
Angola,Africa,1970,2,4.75,33.0
Republic of the Congo,Africa,1990,2,5.15,10.0
Bulgaria,Europe,1950,2,5.3100000000000005,15.0
Gabon,Africa,1970,2,5.7,33.0
Palau,Oceania,1920,2,5.69,35.0
Uzbekistan,Asia,1920,2,5.9399999999999995,15.0
Honduras,Americas,1910,2,6.375,15.0
Wallis and Futuna,Oceania,1930,2,6.3599999999999994,15.0
Wallis and Futuna,Oceania,1940,2,6.45,15.0
Palestine,Asia,1980,2,4.35,20.65
Romania,Europe,1960,2,5.27,27.0
Federated States of Micronesia,Oceania,1960,2,5.83,15.0
Anguilla,Americas,1960,2,5.395,16.35
South Africa,Africa,1910,2,6.2,15.0
Northern Mariana Islands,Oceania,1920,2,6.115,15.0
Guyana,Americas,1990,2,3.8,33.0
Belize,Americas,1990,2,4.25,21.5
Zimbabwe,Africa,2010,2,4.25,7.5649999999999995
Lesotho,Africa,2000,2,4.3,10.0
Rwanda,Africa,1990,2,4.65,21.5
Burundi,Africa,1970,2,4.9499999999999993,7.5
Kenya,Africa,1970,2,4.65,17.5
Pitcairn Islands,Oceania,1990,2,5.1999999999999993,10.0
Cabo Verde,Africa,1970,2,4.65,33.0
Croatia,Europe,1920,2,5.3,15.0
Tunisia,Africa,1920,2,5.4350000000000005,15.0
Switzerland,Europe,1950,2,5.445,15.0
Bangladesh,Asia,1950,2,5.635,25.0
Democratic Republic of the Congo,Africa,1920,2,6.025,15.0
Somalia,Africa,1940,2,5.835,15.0
Somaliland,Africa,1920,2,6.02,15.0
Australia,Oceania,1940,2,6.265,15.0
Australia,Oceania,1960,2,6.48,15.0
Ethiopia,Africa,1900,2,6.25,12.5
Bulgaria,Europe,1910,2,6.035,12.5
Fiji,Oceania,1900,2,7.4,455.0
Lesotho,Africa,1990,2,3.75,7.5
Maldives,Asia,1990,2,4.8,10.0
Saint Lucia,Americas,2020,2,4.4,43.409
Georgia,Asia,1900,2,5.92,15.0
Portugal,Europe,1910,2,5.525,12.5
Somaliland,Africa,1940,2,5.85,15.0
Somalia,Africa,1950,2,5.68,15.0
Botswana,Africa,1950,2,5.865,15.0
Samoa,Oceania,1930,2,6.385,15.0
Brazil,Americas,1950,2,6.57,330.5
Mexico,Americas,1890,2,6.65,0.0
Seychelles,Africa,1990,2,4.55,10.0
Belize,Americas,1980,2,4.45,21.5
Germany,Europe,1930,2,5.3,12.5
Spain,Europe,1930,2,5.3249999999999993,15.0
Bosnia and Herzegovina,Europe,1900,2,5.3900000000000006,15.0
Syria,Asia,1970,2,4.885,24.0
Mongolia,Asia,1940,2,5.755,30.0
Montenegro,Europe,1940,2,5.43,15.0
Bangladesh,Asia,1930,2,5.6750000000000007,15.0
Mauritius,Africa,1920,2,5.85,10.0
Cuba,Americas,1880,2,5.3,15.0
New Caledonia,Oceania,1900,2,6.835,15.0
Marshall Islands,Oceania,2000,2,4.65,32.85
South Sudan,Africa,2010,2,4.4,10.0
Chad,Africa,2020,2,4.4,10.0
Bermuda,Americas,1980,2,5.1999999999999993,10.0
Georgia,Asia,1940,2,5.725,15.0
Maldives,Asia,1940,2,6.4350000000000005,15.0
Saint Helena,Africa,1950,2,5.645,15.0
Puerto Rico,Americas,1950,2,5.63,24.0
Nepal,Asia,1920,2,5.75,15.0
South Korea,Asia,1960,2,5.8,23.450000000000003
Eritrea,Africa,1920,2,6.0,15.0
Palau,Oceania,1960,2,6.1549999999999994,27.5
Cuba,Americas,1930,2,6.1750000000000007,20.0
Pakistan,Asia,1900,2,6.5649999999999995,12.5
Brazil,Americas,1910,2,7.0299999999999994,590.0
Belgium,Europe,1970,2,4.3,23.5
British Virgin Islands,Americas,2020,2,3.54,83.0
Namibia,Africa,1980,2,4.75,19.0
Sudan,Africa,1930,2,5.84,15.0
Uzbekistan,Asia,1950,2,5.8599999999999994,15.0
Nicaragua,Americas,1910,2,6.25,15.0
Marshall Islands,Oceania,1990,2,4.5,34.15
Jordan,Asia,2010,2,4.15,16.5
Ghana,Africa,1990,2,3.75,10.0
Lesotho,Africa,2010,2,4.4,7.5
France,Europe,1900,2,5.25,12.5
Germany,Europe,1910,2,5.73,15.0
Egypt,Africa,1950,2,5.98,39.35
Saint Vincent and the Grenadines,Americas,1980,2,4.0,74.35
Kuwait,Asia,1990,2,4.65,10.0
Kiribati,Oceania,2010,2,4.85,10.0
Lebanon,Asia,1950,2,5.41,15.0
Romania,Europe,1910,2,5.8900000000000006,25.0
Bangladesh,Asia,1920,2,6.66,15.0
Afghanistan,Asia,1920,2,6.7650000000000006,137.5
Saint Pierre and Miquelon,Americas,2010,2,4.1,14.255
Switzerland,Europe,1940,2,6.0050000000000008,12.5
Azerbaijan,Asia,1920,2,6.16,25.0
Mongolia,Asia,1910,2,6.1999999999999993,12.5
Dhekelia Sovereign Base Area,Asia,1990,2,3.45,41.5
United States Virgin Islands,Americas,2000,2,3.55,58.35
Northern Cyprus,Asia,2010,2,4.0,53.035
Kosovo,Europe,2020,2,3.8,10.0
Guam,Oceania,1920,2,5.9350000000000005,27.5
Australia,Oceania,1900,2,6.98,10.0
Italy,Europe,1690,2,6.8000000000000007,0.0
Federated States of Micronesia,Oceania,1910,2,7.165,25.0
Saint Pierre and Miquelon,Americas,1980,2,3.95,18.0
Jersey,Europe,1990,2,3.8,15.85
Egypt,Africa,1960,2,5.895,12.5
Kenya,Africa,1920,2,6.4250000000000007,12.5
Saint Pierre and Miquelon,Americas,2020,2,4.4,10.0
Thailand,Asia,1970,2,5.35,7.0
Armenia,Asia,1920,2,5.4399999999999995,15.0
Palau,Oceania,1910,2,7.025,15.0
Israel,Asia,2000,2,3.8000000000000003,10.5
Antarctica,Antarctica,1980,2,5.05,33.0
North Macedonia,Europe,1910,2,5.71,12.5
Honduras,Americas,1940,2,5.9700000000000006,21.2
Faroe Islands,Europe,2000,1,3.2,10.0
Cyprus No Mans Area,Asia,1980,1,4.1,62.8
Mali,Africa,1990,1,4.2,33.0
Bhutan,Asia,1970,1,4.5,33.0
British Virgin Islands,Americas,1990,1,4.5,33.0
South Georgia and the Islands,Americas,1970,1,5.0,33.0
Sweden,Europe,1900,1,5.4,10.0
Libya,Africa,1960,1,5.63,25.0
East Timor,Asia,1950,1,5.99,35.0
Madagascar,Africa,1910,1,6.15,10.0
Ghana,Africa,1930,1,6.4,15.0
Haiti,Americas,1960,1,6.61,25.0
Guam,Oceania,1900,1,7.01,15.0
eSwatini,Africa,1980,1,4.4,10.0
South Georgia and the Islands,Americas,2000,1,4.4,181.4
Liberia,Africa,1990,1,4.5,10.0
Mauritania,Africa,1990,1,4.6,33.0
Sri Lanka,Asia,2010,1,4.7,10.0
Sweden,Europe,2020,1,4.9,1.0
Slovakia,Europe,1920,1,5.22,15.0
French Southern and Antarctic Lands,Africa,2000,1,5.3,10.0
Ukraine,Europe,1940,1,5.31,15.0
Azerbaijan,Asia,1900,1,5.54,15.0
Libya,Africa,1940,1,5.63,15.0
East Timor,Asia,1920,1,5.8,35.0
Ireland,Europe,1950,1,6.15,15.0
Venezuela,Americas,1910,1,6.22,15.0
South Africa,Africa,1960,1,6.3,15.0
United States of America,Americas,1630,1,6.5,0.0
Kuwait,Asia,1970,1,3.8,33.0
Gibraltar,Europe,2010,1,4.2,10.0
Liberia,Africa,2000,1,4.4,10.0
Cameroon,Africa,2000,1,4.6,10.0
Rwanda,Africa,1970,1,5.2,33.0
Nepal,Asia,1940,1,5.78,25.0
Hungary,Europe,1930,1,5.9,10.0
Madagascar,Africa,1940,1,6.05,15.0
Malaysia,Asia,1950,1,6.07,15.0
Yemen,Asia,1900,1,6.68,10.0
East Timor,Asia,1900,1,6.79,35.0
Kyrgyzstan,Asia,1910,1,8.02,20.0
Guyana,Americas,2010,1,4.1,77.0
Senegal,Africa,2010,1,4.5,10.0
Central African Republic,Africa,1970,1,4.6,33.0
South Georgia and the Islands,Americas,2020,1,4.9,110.87
Switzerland,Europe,1960,1,5.2,15.0
Bhutan,Asia,1950,1,5.65,15.0
Vietnam,Asia,1960,1,5.68,35.0
Hungary,Europe,1910,1,5.75,15.0
Georgia,Asia,1910,1,5.75,15.0
Kazakhstan,Asia,1900,1,5.77,15.0
Sri Lanka,Asia,1970,1,5.9,33.0
Honduras,Americas,1920,1,5.93,15.0
Anguilla,Americas,1920,1,6.1,15.0
Australia,Oceania,1930,1,6.13,15.0
Saint Kitts and Nevis,Americas,1930,1,6.16,15.0
Dominica,Americas,1950,1,6.38,138.8
Puerto Rico,Americas,1920,1,6.4,15.0
Trinidad and Tobago,Americas,1910,1,6.53,10.0
Malaysia,Asia,1920,1,6.55,35.0
South Africa,Africa,1930,1,6.78,15.0
El Salvador,Americas,1900,1,7.0,0.0
Czechia,Europe,1970,1,3.1,33.0
United States Virgin Islands,Americas,2020,1,3.24,92.91
United States of America,Americas,1660,1,3.5,0.0
Kosovo,Europe,1970,1,4.0,33.0
United Arab Emirates,Asia,2010,1,4.5,25.1
Botswana,Africa,2020,1,4.6,10.164
Cameroon,Africa,1980,1,4.9,10.0
Central African Republic,Africa,1990,1,4.9,10.0
Kiribati,Oceania,1990,1,4.9,33.0
Pitcairn Islands,Oceania,2020,1,5.0,10.0
Netherlands,Europe,1930,1,5.06,15.0
Spain,Europe,1960,1,5.16,15.0
Canada,Americas,1850,1,5.2,0.0
Slovakia,Europe,1930,1,5.24,15.0
Republic of Serbia,Europe,1940,1,5.34,15.0
Libya,Africa,1920,1,5.44,15.0
Zambia,Africa,1950,1,5.47,15.0
Norway,Europe,1920,1,5.52,15.0
Trinidad and Tobago,Americas,1920,1,6.1,15.0
Syria,Asia,1910,1,6.38,15.0
Vietnam,Asia,1930,1,6.76,15.0
United Republic of Tanzania,Africa,1910,1,6.97,15.0
Liechtenstein,Europe,2000,1,3.4,10.0
Saint Vincent and the Grenadines,Americas,2020,1,3.4,10.0
United States of America,Americas,1750,1,3.6,0.0
Sudan,Africa,1980,1,4.0,33.0
Montserrat,Americas,1970,1,4.3,98.0
Malta,Europe,1980,1,4.3,10.0
Mauritania,Africa,2020,1,4.4,10.0
Somaliland,Africa,1970,1,5.1,10.0
Kenya,Africa,1960,1,5.17,15.0
Kosovo,Europe,1940,1,5.18,15.0
Switzerland,Europe,1900,1,5.3,15.0
Senegal,Africa,1980,1,5.5,10.0
Algeria,Africa,1900,1,5.63,15.0
Oman,Asia,1960,1,5.74,19.8
Cyprus,Asia,1960,1,5.9,30.0
Saint Helena,Africa,1920,1,6.11,10.0
Democratic Republic of the Congo,Africa,1910,1,6.9,15.0
Federated States of Micronesia,Oceania,1920,1,7.05,10.0
Andorra,Europe,2000,1,3.3,5.0
Akrotiri Sovereign Base Area,Asia,2010,1,3.9,10.0
Ghana,Africa,2020,1,4.0,10.0
Angola,Africa,1990,1,4.6,10.0
Niger,Africa,2010,1,4.6,10.0
Cameroon,Africa,1990,1,4.7,10.0
Tuvalu,Oceania,2020,1,4.8,10.0
Antarctica,Antarctica,1970,1,4.9,33.0
Saint Pierre and Miquelon,Americas,1970,1,5.2,33.0
Brunei,Asia,1990,1,5.2,40.4
Montenegro,Europe,1930,1,5.23,15.0
Djibouti,Africa,1950,1,5.47,15.0
Cuba,Americas,1910,1,7.05,15.0
Sri Lanka,Asia,1990,1,4.5,10.0
Sri Lanka,Asia,2000,1,4.5,10.0
Malawi,Africa,1960,1,5.1,10.0
Madagascar,Africa,1960,1,5.4,15.0
Tunisia,Africa,1950,1,5.51,15.0
Portugal,Europe,1900,1,6.0,10.0
Canada,Americas,1730,1,6.3,0.0
New Caledonia,Oceania,1910,1,6.62,15.0
Puerto Rico,Americas,1780,1,6.9,0.0
Bolivia,Americas,1900,1,7.0,255.0
Falkland Islands,Americas,1900,1,7.42,10.0
Liechtenstein,Europe,1970,1,3.1,10.0
United States of America,Americas,1740,1,4.7,0.0
Zimbabwe,Africa,1970,1,5.0,33.0
Comoros,Africa,2020,1,5.0,10.0
Iraq,Asia,1950,1,5.53,15.0
Switzerland,Europe,1920,1,5.56,15.0
Cayman Islands,Americas,1930,1,5.89,15.0
Democratic Republic of the Congo,Africa,1940,1,5.96,15.0
North Macedonia,Europe,1940,1,5.97,15.0
Greenland,Americas,1960,1,6.02,15.0
Northern Cyprus,Asia,1940,1,6.03,15.0
East Timor,Asia,1960,1,6.03,35.0
Jordan,Asia,1920,1,6.13,15.0
Falkland Islands,Americas,1920,1,6.47,10.0
Zambia,Africa,1910,1,6.53,15.0
Monaco,Europe,1990,1,3.2,20.3
Somaliland,Africa,1990,1,3.7,10.0
Palestine,Asia,2020,1,4.1,10.0
South Sudan,Africa,1970,1,4.9,33.0
France,Europe,1910,1,5.39,15.0
Zimbabwe,Africa,1960,1,5.5,15.0
Cameroon,Africa,1940,1,5.88,15.0
Israel,Asia,1950,1,5.88,15.0
Brazil,Americas,1920,1,5.96,15.0
Barbados,Americas,1950,1,5.96,23.9
Kyrgyzstan,Asia,1900,1,6.01,15.0
Puerto Rico,Americas,1930,1,6.05,15.0
Cayman Islands,Americas,1920,1,6.06,10.0
Saint Helena,Africa,1940,1,6.13,15.0
Jamaica,Americas,1950,1,6.21,20.0
Cyprus,Asia,1950,1,6.32,20.0
Uganda,Africa,1940,1,6.35,15.0
Colombia,Americas,1900,1,6.47,35.0
Bangladesh,Asia,1910,1,7.14,15.0
Moldova,Europe,1980,1,3.9,10.0
Curaçao,Americas,2010,1,4.0,9.3
Comoros,Africa,1970,1,4.1,33.0
Benin,Africa,2000,1,4.4,10.0
Tuvalu,Oceania,2010,1,4.4,25.68
Estonia,Europe,1970,1,4.5,33.0
Cabo Verde,Africa,2000,1,4.6,10.0
United States of America,Americas,1780,1,5.1,0.0
Ghana,Africa,1960,1,5.2,13.7
Rwanda,Africa,1960,1,5.31,15.0
Malta,Europe,1920,1,5.4,15.0
Iraq,Asia,1900,1,5.41,15.0
Somalia,Africa,1930,1,5.61,15.0
Somalia,Africa,1920,1,5.75,15.0
Bangladesh,Asia,1940,1,5.75,35.0
Angola,Africa,1910,1,5.99,10.0
Ireland,Europe,1960,1,6.02,15.0
Cayman Islands,Americas,1960,1,6.1,20.0
Cyprus,Asia,1920,1,6.11,15.0
Federated States of Micronesia,Oceania,1950,1,6.12,35.0
Guam,Oceania,1940,1,6.24,25.0
Dominican Republic,Americas,1920,1,6.27,15.0
South Sudan,Africa,1910,1,6.46,15.0
Barbados,Americas,1920,1,6.48,10.0
North Korea,Asia,1960,1,6.8,607.5
New Zealand,Oceania,1900,1,6.9,30.0
Saint Pierre and Miquelon,Americas,1920,1,7.2,10.0
Saint Lucia,Americas,1950,1,7.3,128.8
Guyana,Americas,1980,1,3.7,33.0
Siachen Glacier,Asia,1980,1,4.1,33.0
Malta,Europe,1970,1,4.4,33.0
Siachen Glacier,Asia,2020,1,4.4,10.0
Saint Lucia,Americas,1970,1,4.5,171.0
Central African Republic,Africa,1980,1,4.5,10.0
Nigeria,Africa,2000,1,4.5,10.0
United States of America,Americas,1560,1,4.9,0.0
Sudan,Africa,1960,1,5.29,12.9
Northern Cyprus,Asia,1920,1,5.51,15.0
Oman,Asia,1930,1,5.54,15.0
Germany,Europe,1940,1,5.75,15.0
Jamaica,Americas,1910,1,5.88,15.0
Kenya,Africa,1930,1,5.96,15.0
United States of America,Americas,1760,1,6.0,0.0
Saint Vincent and the Grenadines,Americas,1940,1,6.1,120.0
Mozambique,Africa,1930,1,6.11,15.0
Bosnia and Herzegovina,Europe,1940,1,6.17,15.0
Laos,Asia,1920,1,6.67,15.0
Bolivia,Americas,1910,1,7.2,120.0
Dominican Republic,Americas,1610,1,7.5,0.0
Paraguay,Americas,2020,1,3.5,10.0
France,Europe,1960,1,5.1,10.0
Kiribati,Oceania,2000,1,5.2,10.0
Syria,Asia,1920,1,5.24,15.0
Jersey,Europe,1920,1,5.36,10.0
Burundi,Africa,1960,1,5.4,15.0
France,Europe,1920,1,5.46,10.0
Bulgaria,Europe,1930,1,5.48,15.0
Ukraine,Europe,1950,1,5.48,15.0
Saint Helena,Africa,1960,1,5.56,15.0
Libya,Africa,1900,1,5.77,15.0
Antarctica,Antarctica,1950,1,5.95,15.0
Anguilla,Americas,1910,1,5.98,15.0
Mauritius,Africa,1960,1,6.09,15.0
Mexico,Americas,1870,1,6.2,0.0
Mozambique,Africa,1910,1,6.42,10.0
Wallis and Futuna,Oceania,1900,1,6.53,15.0
Cabo Verde,Africa,1940,1,6.54,10.0
Venezuela,Americas,1900,1,7.7,0.0
United States Virgin Islands,Americas,1990,1,3.3,24.0
Lesotho,Africa,1980,1,3.6,5.0
Bermuda,Americas,2020,1,4.3,4.527
Cabo Verde,Africa,1980,1,4.4,10.0
Sri Lanka,Asia,1980,1,4.5,33.0
Comoros,Africa,1980,1,4.7,10.0
Rwanda,Africa,1980,1,5.0,10.0
Northern Cyprus,Asia,2020,1,5.0,62.88
Iraq,Asia,1920,1,5.18,15.0
Belgium,Europe,1930,1,5.33,15.0
Somaliland,Africa,1950,1,5.45,15.0
Bhutan,Asia,1930,1,5.62,15.0
Anguilla,Americas,1930,1,5.73,15.0
Romania,Europe,1920,1,5.79,155.0
United Republic of Tanzania,Africa,1940,1,6.01,15.0
Anguilla,Americas,1900,1,6.25,15.0
Northern Mariana Islands,Oceania,1900,1,7.5,0.0
Saint Pierre and Miquelon,Americas,1990,1,3.9,10.0
United Arab Emirates,Asia,1980,1,4.4,33.0
Senegal,Africa,1990,1,4.4,10.0
East Timor,Asia,1970,1,4.8,43.0
Maldives,Asia,2000,1,4.8,33.0
Somaliland,Africa,2010,1,5.0,10.0
Montenegro,Europe,1950,1,5.05,15.0
Republic of Serbia,Europe,1900,1,5.18,10.0
Marshall Islands,Oceania,1980,1,5.6,33.0
United Kingdom,Europe,1930,1,5.7,15.0
Uganda,Africa,1910,1,6.1,10.0
Trinidad and Tobago,Americas,1950,1,6.1,49.0
Eritrea,Africa,1940,1,6.16,15.0
El Salvador,Americas,1940,1,6.16,25.0
Zambia,Africa,1940,1,6.27,15.0
Falkland Islands,Americas,1940,1,6.32,15.0
South Africa,Africa,1920,1,6.35,10.0
Bolivia,Americas,1940,1,6.43,20.0
Mexico,Americas,1850,1,6.5,0.0
Northern Mariana Islands,Oceania,1910,1,7.04,15.0
Dominican Republic,Americas,1840,1,7.6,0.0
Jersey,Europe,2000,1,3.4,10.0
Cyprus No Mans Area,Asia,1990,1,4.0,33.0
Lebanon,Asia,1970,1,4.3,33.0
Jordan,Asia,1970,1,5.1,33.0
Libya,Africa,1950,1,5.18,15.0
Norway,Europe,1950,1,5.53,15.0
Saint Helena,Africa,1930,1,5.66,10.0
Jordan,Asia,1950,1,5.67,15.0
Armenia,Asia,1910,1,5.79,15.0
Australia,Oceania,1950,1,5.8,15.0
Cayman Islands,Americas,1950,1,6.1,15.0
Comoros,Africa,1910,1,6.2,10.0
United Republic of Tanzania,Africa,1960,1,6.5,33.8
Romania,Europe,1900,1,6.6,130.0
Cuba,Americas,1940,1,6.6,35.0
Finland,Europe,2010,1,3.5,10.0
Canada,Americas,1890,1,4.0,0.0
Saint Kitts and Nevis,Americas,1970,1,4.7,18.0
Canada,Americas,1810,1,4.8,0.0
Equatorial Guinea,Africa,1990,1,4.8,10.0
Vietnam,Asia,1970,1,4.9,33.0
Falkland Islands,Americas,1970,1,5.1,33.0
Uruguay,Americas,1980,1,5.1,31.4
Maldives,Asia,1980,1,5.2,10.0
Slovenia,Europe,1960,1,5.31,10.0
Slovenia,Europe,1920,1,5.6,15.0
Thailand,Asia,1920,1,5.62,15.0
Slovakia,Europe,1900,1,5.63,15.0
Barbados,Americas,1940,1,5.73,25.0
Hungary,Europe,1950,1,5.79,15.0
Maldives,Asia,1930,1,5.93,15.0
Kenya,Africa,1910,1,6.06,10.0
Greenland,Americas,1910,1,6.06,15.0
Bolivia,Americas,1930,1,6.09,15.0
Ethiopia,Africa,1910,1,6.43,15.0
Uganda,Africa,1950,1,6.45,15.0
Algeria,Africa,1910,1,6.46,15.0
North Korea,Asia,1900,1,6.6,470.0
Jamaica,Americas,1940,1,6.8,15.0
Mexico,Americas,1880,1,7.6,0.0